mol_id,smiles,mu,alpha,homo,lumo,gap,r2,zpve,cv,u0,u298,h298,g298
gdb_64832,CC1(NC(=O)C=C1)C#C,3.9211,77.53,-0.2487,-0.0355,0.2132,1117.8884,0.123185,32.426,-400.76012,-400.751617,-400.750673,-400.793053
gdb_64852,CC1(CC(O1)C#C)C#N,4.1334,75.47,-0.2775,-0.0095,0.268,1195.918,0.121793,32.778,-400.708167,-400.699192,-400.698248,-400.74242
gdb_64881,CC1(CC(N1)C=O)C=O,3.9426,73.59,-0.2425,-0.0331,0.2094,1337.1053,0.144687,33.552,-439.079906,-439.070453,-439.069509,-439.115176
gdb_64884,OC1(CC(C1)C=O)C=O,0.6355,70.74,-0.2588,-0.0519,0.2069,1334.9811,0.132818,32.459,-458.967245,-458.958231,-458.957287,-459.001995
gdb_64909,OC1(CC1(O)C#N)C#N,6.0902,64.31,-0.3044,-0.0227,0.2817,1043.8556,0.08622,32.045,-452.727649,-452.718704,-452.71776,-452.761095
gdb_64948,CC1(CN1)C#CCC=O,3.9826,83.78,-0.2448,-0.027,0.2178,1892.0716,0.144808,34.585,-401.902528,-401.892551,-401.891607,-401.93997
gdb_64949,CC1(CO1)C#CCC=O,1.4196,79.93,-0.2504,-0.0338,0.2166,1878.8102,0.131807,33.957,-421.785736,-421.775787,-421.774842,-421.823636
gdb_64955,CC1(CN1)C(=O)C1CC1,2.3374,80.88,-0.2358,-0.0137,0.222,1277.0354,0.170337,34.321,-403.134858,-403.125659,-403.124714,-403.169309
gdb_65031,CC1(CN1)C1(C)CCO1,1.5519,81.14,-0.2327,0.0775,0.3101,1127.7603,0.193364,36.072,-404.31286,-404.303405,-404.302461,-404.347037
gdb_65136,CC1(CO1)C1C2CCC12,1.6839,81.48,-0.2427,0.0863,0.3289,1117.1679,0.182328,33.227,-387.03947,-387.030936,-387.029992,-387.072855
gdb_65154,OC1(CC1)C1CC(=N)O1,2.9077,73.25,-0.2607,0.0264,0.2871,1199.8838,0.146715,32.491,-439.0667,-439.058181,-439.057237,-439.100174
gdb_65157,OC1(CC1)C1CC(=O)O1,3.8275,68.22,-0.2743,0.0082,0.2825,1176.7965,0.134665,31.499,-458.971706,-458.963346,-458.962402,-459.005077
gdb_65250,CC1(CC1)C1OCC=C1,1.3997,84.35,-0.2313,0.0169,0.2482,1208.842,0.182213,33.671,-387.083292,-387.074475,-387.073531,-387.117003
gdb_65299,OC1(CC11CCC1)C#N,3.6458,77.45,-0.2711,0.0155,0.2865,1133.0582,0.14675,32.921,-401.932873,-401.924135,-401.923191,-401.966347
gdb_65317,CC1(CC1C#C)N1CC1,1.5623,87.33,-0.2253,0.0499,0.2753,1304.3107,0.168692,35.866,-365.932461,-365.923134,-365.92219,-365.966254
gdb_65329,CC1(OC1C#C)C1CN1,1.9127,79.39,-0.2464,0.0121,0.2586,1277.5255,0.145448,34.039,-401.868001,-401.858867,-401.857922,-401.901771
gdb_65333,CC1(OC1C#N)C1CO1,4.2589,70.32,-0.2864,-0.0073,0.279,1214.1527,0.122145,31.28,-437.852547,-437.843859,-437.842915,-437.886151
gdb_65406,CC1(CC1CC#N)C#C,3.688,84.08,-0.2549,0.0251,0.2799,1478.7403,0.145365,35.3,-364.785442,-364.775793,-364.774849,-364.820298
gdb_65412,CC1(NC1CC#C)C#C,1.1637,86.25,-0.2398,0.0311,0.2709,1487.8207,0.144203,36.592,-364.72119,-364.711275,-364.71033,-364.756182
gdb_65594,OC1(CC2NC2C1)C#N,2.6898,71.43,-0.2564,0.0125,0.2689,1063.7415,0.137108,30.78,-417.997961,-417.989995,-417.989051,-418.030556
gdb_65615,CC1(NC2CCC12)C#N,3.2148,79.76,-0.2446,0.0237,0.2683,1123.7301,0.159964,32.353,-382.049533,-382.041136,-382.040192,-382.0824
gdb_65626,NC1(CC2COC12)C#N,3.8302,72.36,-0.2506,0.0113,0.2618,1065.7605,0.137018,30.466,-417.974989,-417.966971,-417.966027,-418.00759
gdb_65658,C1CC(C1)CC2(CC2)O,1.3523,85.7,-0.2522,0.0661,0.3183,1497.0459,0.205337,36.382,-388.26516,-388.255702,-388.254758,-388.300023
gdb_65672,CC1(CC=O)C2CCC12,2.9478,83.22,-0.2431,-0.0197,0.2234,1375.3083,0.181213,34.37,-387.071869,-387.062728,-387.061784,-387.106141
gdb_65690,C1C(=O)CC1(CC=O)O,3.2638,68.95,-0.2479,-0.0332,0.2147,1242.6605,0.13184,33.449,-458.973486,-458.964229,-458.963284,-459.00855
gdb_65705,CC1(CC1C=O)NC=O,5.8739,75.01,-0.2491,-0.0238,0.2254,1257.1297,0.1453,34.177,-439.107865,-439.098343,-439.097398,-439.142672
gdb_65739,CC1(CN=CO1)OC=N,3.3433,70.57,-0.2684,0.0092,0.2776,1157.4218,0.135445,31.066,-455.16309,-455.154574,-455.15363,-455.196691
gdb_65782,CC1(CCOC1)OC=N,2.2799,77.02,-0.2563,0.0198,0.2761,1293.0476,0.170705,33.602,-440.286395,-440.277256,-440.276312,-440.321397
gdb_65813,CC1(COC1)OCC#N,3.7118,71.37,-0.255,0.0033,0.2583,1199.7031,0.145945,32.83,-439.059853,-439.050701,-439.049757,-439.094577
gdb_65833,CC1(CNC(=O)O1)C#C,4.7911,70.97,-0.2651,0.0162,0.2813,1118.0164,0.12347,31.905,-437.904519,-437.896034,-437.89509,-437.937545
gdb_65859,OC1(COC(=O)C1)C#C,5.0476,67.3,-0.2674,0.0064,0.2738,1132.239,0.110892,31.24,-457.766642,-457.758305,-457.757361,-457.799604
gdb_65941,CC1(NCC11CO1)C#C,0.7808,78.01,-0.2368,0.0344,0.2712,1066.2532,0.145396,33.995,-401.865574,-401.856628,-401.855684,-401.898934
gdb_66033,CC1(OCC1C#N)C#C,2.661,75.6,-0.2741,-0.005,0.2691,1134.2166,0.12194,32.723,-400.708272,-400.69925,-400.698306,-400.742421
gdb_66139,OC1(CCC2NC12)C=O,3.2259,71.61,-0.2412,-0.0379,0.2033,1068.5089,0.148143,31.156,-439.077913,-439.06995,-439.069005,-439.110265
gdb_66186,CC1(COC=N1)C1CO1,0.3541,71.58,-0.2527,0.0154,0.2681,1118.7709,0.147744,30.717,-439.074181,-439.06587,-439.064926,-439.107842
gdb_66198,CC1(CCN=CO1)C#C,2.2335,77.63,-0.2486,0.0209,0.2694,1048.4469,0.147108,32.839,-401.932163,-401.923631,-401.922687,-401.964944
gdb_66207,OC1(COC=NC1)C#C,2.361,70.34,-0.2485,0.0184,0.2669,1007.326,0.12363,31.654,-437.852251,-437.843838,-437.842894,-437.885036
gdb_66220,CC1(CCCC#N)CO1,5.066,80.1,-0.2725,0.0345,0.3069,1818.0859,0.169161,35.458,-403.153521,-403.143547,-403.142603,-403.189556
gdb_66282,OC1(CCOC1=N)C#C,2.5364,71.23,-0.267,0.0025,0.2694,1007.2955,0.123682,31.845,-437.864433,-437.85608,-437.855136,-437.897186
gdb_66288,OC1(COCC1=O)C#C,0.8941,67.28,-0.2517,-0.0484,0.2033,997.2366,0.110179,31.509,-457.732506,-457.723994,-457.72305,-457.765647
gdb_66436,CC12C3C1C1(O)C3C21O,1.7034,72.03,-0.2131,0.0579,0.271,994.6122,0.133192,32.57,-421.706769,-421.698455,-421.697511,-421.738998
gdb_66481,CC12C3C1C1(C)OC3C21,1.8468,78.12,-0.2383,0.0899,0.3283,1002.8135,0.158763,30.811,-385.822313,-385.814743,-385.813799,-385.853792
gdb_66508,CC12C3C1C1=CCN2C31,1.1962,82.22,-0.1956,-0.0388,0.1568,869.4944,0.147611,29.106,-364.668457,-364.661455,-364.66051,-364.699235
gdb_66634,CC12C3C1C1CC3C2O1,1.5234,76.86,-0.2426,0.0974,0.34,903.5361,0.162297,27.676,-385.874326,-385.867877,-385.866932,-385.904734
gdb_66680,OC12C3C4C1C4(C=O)C23,2.3688,71.1,-0.2344,-0.0207,0.2138,1051.2091,0.110715,28.522,-420.519263,-420.511936,-420.510991,-420.551082
gdb_66745,CC12C3C4C(C1C3=O)N24,1.2241,70.62,-0.2416,-0.021,0.2206,896.8703,0.124823,27.194,-400.682496,-400.675681,-400.674737,-400.713606
gdb_66797,CC12C3C4C5C3C1C5C24,0.1159,80.83,-0.2515,0.0699,0.3215,853.4822,0.160819,27.195,-348.645191,-348.639,-348.638056,-348.675235
gdb_66870,OC12C3N=C4OC(C13)C24,2.9801,63.84,-0.2096,-0.0601,0.1494,809.8709,0.1,26.224,-436.536276,-436.530004,-436.52906,-436.566426
gdb_66880,OC12C3N=C4NC1C4C23,2.3925,68.94,-0.2094,-0.049,0.1605,804.0464,0.113313,26.345,-416.662853,-416.656718,-416.655774,-416.692829
gdb_66903,CC12C3C=CC1N=CN23,2.0536,75.72,-0.2384,-0.0118,0.2266,861.648,0.137979,27.962,-380.857497,-380.850646,-380.849702,-380.888211
gdb_66917,CC12C3OC(C)(C13)C2=O,3.256,72.42,-0.2224,0.0023,0.2248,1012.3824,0.133548,31.533,-421.788583,-421.780204,-421.77926,-421.821231
gdb_66922,CC1(C)C2CC3C2C13O,1.0992,81.27,-0.2362,0.073,0.3092,1019.5755,0.181572,34.919,-387.041507,-387.03288,-387.031936,-387.073758
gdb_66954,OC12C3OC(C13)C21CO1,0.9392,63.94,-0.2315,0.0552,0.2867,903.4551,0.111354,27.973,-457.648561,-457.641544,-457.6406,-457.679736
gdb_67046,CC12CC3C(OC1)C23O,1.0976,73.78,-0.2205,0.0637,0.2842,957.5762,0.159306,31.887,-422.993234,-422.985273,-422.984329,-423.025029
gdb_67093,CC12C3CC11C=CC2N31,1.9031,79.56,-0.2165,-0.0063,0.2102,872.3916,0.148471,28.558,-364.693859,-364.687111,-364.686167,-364.724385
gdb_67255,OC12C3NC1C1(CO1)C23,2.1576,68.34,-0.2227,0.0684,0.291,974.423,0.124466,28.529,-437.772518,-437.765446,-437.764501,-437.803759
gdb_67264,CC12C3OC1C1C3CN21,0.9754,73.33,-0.2278,0.0648,0.2926,854.4933,0.149836,27.017,-401.875255,-401.868858,-401.867914,-401.905616
gdb_67313,CC12C3OC1C3C2C#C,1.3709,78.22,-0.2344,0.0426,0.277,1059.0538,0.13391,30.948,-384.565059,-384.557175,-384.556231,-384.597227
gdb_67337,CC12C3CC1C3NC2=O,3.4615,75.49,-0.237,0.0146,0.2516,962.3141,0.149334,29.516,-401.942958,-401.935673,-401.934729,-401.974301
gdb_67404,CC12C3CC1OC23C#N,5.0417,74.54,-0.2514,-0.0049,0.2465,1013.5753,0.124148,29.103,-400.698048,-400.690437,-400.689493,-400.730075
gdb_67509,CC12C3NC3C1N2C=O,5.2798,73.82,-0.2305,0.0309,0.2614,1008.3326,0.134871,30.387,-417.927046,-417.919185,-417.918241,-417.959154
gdb_67513,OC12C(C=O)C1N1CC21,2.5751,70.73,-0.2351,-0.0379,0.1972,1070.6098,0.122436,30.22,-437.781406,-437.773485,-437.77254,-437.814122
gdb_67565,CC12C3NC3C3C1CN23,1.0567,78.12,-0.2185,0.0791,0.2977,923.0603,0.161761,28.873,-381.969464,-381.962666,-381.961722,-382.00012
gdb_67590,OC12C3CC4C(C13)C24O,0.5913,70.3,-0.2122,0.0629,0.2751,905.0786,0.136264,29.867,-421.768806,-421.761608,-421.760664,-421.79982
gdb_67602,OC12C3OC4C(OC13)C24,2.109,61.42,-0.2023,0.0617,0.264,811.9804,0.114009,25.753,-457.709995,-457.703902,-457.702958,-457.740087
gdb_67800,OC12C=CN3C=NC1C23,1.621,67.92,-0.2103,-0.0128,0.1975,836.3673,0.114064,26.737,-416.76399,-416.757555,-416.756611,-416.794286
gdb_67824,CC12C=CC3CCC1C23,0.2449,85.98,-0.218,0.0204,0.2384,1010.3958,0.185345,30.945,-349.968476,-349.961142,-349.960197,-349.9996
gdb_67865,CC12N=CNC1CC2=O,5.005,73.57,-0.2235,-0.0232,0.2003,975.803,0.136035,30.573,-418.029073,-418.021044,-418.0201,-418.061628
gdb_68026,CC12CC(O)(C1)C1CC21,1.3689,81.49,-0.2438,0.0782,0.322,1052.4492,0.183334,33.419,-387.057987,-387.050106,-387.049161,-387.089472
gdb_68051,OC12CC(O)(C1)C21CN1,1.658,72.26,-0.2357,0.0601,0.2958,1015.0251,0.147004,32.883,-438.998069,-438.989779,-438.988835,-439.030278
gdb_68091,CC12OC(C)(C=C1)C=C2,1.4224,78.7,-0.2144,-0.0158,0.1986,999.1062,0.157974,32.875,-385.876335,-385.868379,-385.867435,-385.907876
gdb_68150,CC12CC(CC1)(O2)C=O,2.9503,75.92,-0.2537,-0.0356,0.2181,1150.5575,0.158215,32.191,-423.026402,-423.018002,-423.017057,-423.059409
gdb_68392,OC12CC(C1)CC1NC21,1.3472,77.31,-0.2383,0.0761,0.3144,974.5401,0.173872,30.823,-403.122127,-403.114933,-403.113989,-403.15305
gdb_68417,OC12CC(C1)OC21CC1,2.3442,75.07,-0.2217,0.0681,0.2898,965.5805,0.159467,31.463,-422.986672,-422.979088,-422.978144,-423.018133
gdb_68467,OC12CC(C1)NCC2=O,2.5189,71.09,-0.227,-0.0241,0.2029,977.544,0.149315,30.399,-439.090023,-439.082423,-439.081479,-439.122113
gdb_68468,OC12CC(C1)OCC2=O,1.4862,67.86,-0.2584,-0.0304,0.228,955.5321,0.136303,29.592,-458.968591,-458.96109,-458.960146,-459.000622
gdb_68475,OC12CC(C1)OCC=C2,1.8955,75.94,-0.2398,0.0062,0.246,1014.8,0.160144,31.419,-423.004992,-422.997344,-422.996399,-423.0365
gdb_68567,OC12CC(C=C1)C2C=O,2.7935,72.38,-0.2289,-0.0205,0.2084,985.656,0.134824,30.588,-421.792708,-421.784843,-421.783899,-421.824969
gdb_68607,OC12CC(CC1)C21CC1,1.3087,82.15,-0.2483,0.0755,0.3238,1015.0352,0.183856,32.879,-387.066993,-387.059017,-387.058073,-387.098799
gdb_68615,CC12CC(CO1)C2C#C,1.4993,81.46,-0.2354,0.0411,0.2765,1040.8911,0.158861,32.613,-385.84404,-385.835884,-385.834939,-385.876255
gdb_68634,CC12CC(OC1)C2C=O,2.9187,75.7,-0.2392,-0.0303,0.2089,1082.2801,0.15911,31.384,-423.015182,-423.007018,-423.006074,-423.048045
gdb_68637,OC12CC(CC1)C2C=O,2.582,75.03,-0.2432,-0.0246,0.2186,1026.3717,0.159475,31.67,-423.025436,-423.017216,-423.016271,-423.058399
gdb_68642,CC12CC(OC1=N)C=C2,2.7858,76.49,-0.2504,-0.0133,0.2371,934.9985,0.149572,29.722,-401.967832,-401.960582,-401.959638,-401.999039
gdb_68689,CC12CCOC(O1)C=C2,2.23,74.3,-0.2504,0.0011,0.2515,947.6153,0.161064,30.167,-423.036973,-423.029706,-423.028762,-423.068033
gdb_68695,CC12CC(=O)C1(N2)C#C,2.7307,78.56,-0.2463,-0.027,0.2193,1087.7146,0.122086,32.261,-400.696872,-400.688317,-400.687373,-400.729923
gdb_68749,CC12CC1(C)C(=O)CO2,2.3703,75.99,-0.2327,-0.018,0.2147,1069.7566,0.157391,33.732,-423.04605,-423.037082,-423.036137,-423.079387
gdb_68906,CC12CC1(C)OC(=O)N2,4.9949,71.98,-0.2469,0.0504,0.2972,1076.6115,0.147012,32.785,-439.133813,-439.125309,-439.124365,-439.166411
gdb_68963,CC12CC1(C=CC2)C#N,4.4602,81.83,-0.2478,-0.0033,0.2445,1060.9075,0.148289,31.546,-364.836068,-364.827986,-364.827042,-364.868314
gdb_69004,OC12CC1(CC2)C1CN1,2.6589,79.56,-0.2293,0.0753,0.3046,1178.6244,0.171356,33.192,-403.085126,-403.076554,-403.07561,-403.118631
gdb_69032,OC12CC1(OC2=N)C#C,1.6607,73.41,-0.2379,-0.0111,0.2269,1055.8941,0.098511,30.955,-436.612031,-436.603889,-436.602945,-436.644627
gdb_69040,CC12NC1(CC2=O)C=O,1.1534,72.71,-0.2501,-0.0609,0.1891,1073.0277,0.122265,31.079,-437.87531,-437.866839,-437.865895,-437.908422
gdb_69136,CC12CC1C(=O)C1NC21,3.697,75.83,-0.2257,-0.0223,0.2033,1025.3229,0.148634,30.414,-401.934997,-401.927399,-401.926454,-401.966744
gdb_69273,CC12CNCC(=O)C1N2,2.7976,76.13,-0.2219,-0.0255,0.1964,1106.2798,0.161274,31.803,-419.200473,-419.192305,-419.191361,-419.233027
gdb_69305,CC12NC1C(C)(C)C2=O,3.5234,80.05,-0.2278,-0.0125,0.2153,1125.1021,0.168551,35.955,-403.135031,-403.125418,-403.124474,-403.168826
gdb_69323,CC12CC1C(C)(O)CC2,1.4118,84.92,-0.2516,0.0742,0.3259,1183.8597,0.205349,37.393,-388.304674,-388.295384,-388.29444,-388.337679
gdb_69399,CC12CN1C(C=O)C=C2,2.3125,77.26,-0.2281,-0.0285,0.1997,1164.2839,0.146334,31.463,-401.937124,-401.92871,-401.927765,-401.97064
gdb_69423,OC12CC1C(CC#C)C2,1.2178,81.25,-0.2468,0.0578,0.3046,1411.3756,0.157458,34.598,-385.821906,-385.812915,-385.811971,-385.855637
gdb_69465,CC12CC(CC=O)C1O2,3.3338,77.26,-0.2458,-0.0191,0.2266,1500.649,0.156692,33.102,-423.004368,-422.995265,-422.994321,-423.039024
gdb_69533,CC12CC1C1(C)CC2O1,1.4813,81.49,-0.2369,0.0986,0.3355,1055.8334,0.182702,33.236,-387.053701,-387.045618,-387.044674,-387.08555
gdb_69552,CC12NC1C1(C)COC21,3.0684,78.88,-0.2225,0.0674,0.2899,1065.6513,0.170404,32.912,-403.078123,-403.0698,-403.068856,-403.110386
gdb_69602,OC12CC1C1(CC1)CC2,1.2839,82.38,-0.2398,0.0817,0.3215,1151.4991,0.183409,33.584,-387.076167,-387.068,-387.067056,-387.108327
gdb_69605,CC12CC1C1(CC21)C#C,1.0353,87.77,-0.2035,0.0381,0.2417,1168.0148,0.157523,33.982,-348.658283,-348.649821,-348.648876,-348.690765
gdb_69652,CC12CC3(CCC3)C1N2,1.4875,86.47,-0.2422,0.0865,0.3287,1249.5179,0.194933,33.786,-367.168832,-367.160342,-367.159398,-367.20162
gdb_69662,CC12CC1C1=CCCC21,0.6029,89.92,-0.2168,0.0236,0.2404,1143.9369,0.183822,32.112,-349.92085,-349.912993,-349.912049,-349.952706
gdb_69682,CC12OC1C1C(C#N)C21,6.0504,73.08,-0.2511,0.0193,0.2704,1033.2631,0.123204,29.803,-400.684519,-400.676779,-400.675835,-400.716602
gdb_69694,CC12OC1C1C(C=O)C21,4.3902,72.69,-0.2294,-0.0011,0.2283,1038.0929,0.133591,30.607,-421.757433,-421.749443,-421.748498,-421.790018
gdb_69715,CC12OC1C1C2OC1=N,3.9181,69.73,-0.259,0.0212,0.2802,1016.2636,0.123651,28.737,-437.831898,-437.824512,-437.823568,-437.863591
gdb_69745,CC12CC1C1CC(=O)N21,3.5521,75.88,-0.237,-0.0047,0.2323,1009.4062,0.147689,30.272,-401.918357,-401.910691,-401.909747,-401.950244
gdb_69777,CC12CC1N1CC1(C)C2,1.4439,85.48,-0.2137,0.0889,0.3026,1130.2641,0.194653,34.42,-367.195888,-367.1874,-367.186456,-367.228204
gdb_69804,OC12CC1N1CC1C2=O,2.1475,68.55,-0.2382,-0.045,0.1932,946.2336,0.124314,29.166,-437.849048,-437.841697,-437.840753,-437.880619
gdb_69933,OC12CC1C1OC=NC21,1.0857,66.93,-0.244,0.0174,0.2614,928.753,0.125848,27.574,-437.857866,-437.850996,-437.850052,-437.888883
gdb_70039,CC12CC(=CC1O2)C#C,1.7484,84.2,-0.2305,-0.0333,0.1972,1245.6576,0.134314,32.12,-384.658815,-384.650537,-384.649592,-384.691358
gdb_70050,CC12CC1C=C(C2)C=O,3.6453,85.55,-0.2417,-0.0523,0.1893,1268.3964,0.159168,32.002,-385.913446,-385.905153,-385.904208,-385.946192
gdb_70053,CC12CN1C=C(C2)C=O,2.8937,82.09,-0.2362,-0.0534,0.1828,1235.1883,0.147446,31.157,-401.953006,-401.944831,-401.943887,-401.985685
gdb_70055,CC12CC1C=C1CCC21,0.4948,88.69,-0.2149,0.0201,0.235,1086.486,0.184023,32.032,-349.929345,-349.921599,-349.920654,-349.96099
gdb_70093,CC12OC1C=CC2(C)O,1.726,75.43,-0.2436,-0.0046,0.2389,1000.3549,0.15698,34.723,-423.019425,-423.010491,-423.009547,-423.052176
gdb_70099,CC12NC1C=CC21CO1,1.3655,77.17,-0.2367,-0.0028,0.234,988.1631,0.147819,30.793,-401.910419,-401.902674,-401.901729,-401.942231
gdb_70102,CC12OC1C=CC21CO1,0.5615,73.06,-0.2479,-0.0159,0.232,970.7563,0.134975,30.167,-421.79453,-421.786821,-421.785877,-421.826405
gdb_70127,CC12CC1C=CCC2=O,2.8585,80.8,-0.2264,-0.0111,0.2152,1054.1293,0.159887,31.89,-385.92088,-385.912792,-385.911848,-385.953195
gdb_70213,CC12COC(=O)CC1N2,3.6941,71.78,-0.2578,0.0044,0.2622,1109.102,0.148605,30.812,-439.108551,-439.100479,-439.099534,-439.141139
gdb_70216,OC12CC1CC(=O)CC2,2.5441,74.72,-0.2373,-0.0135,0.2238,1128.0763,0.159621,32.268,-423.043371,-423.035105,-423.034161,-423.076498
gdb_70241,CC1(C)CC2CC2(O)C1,1.5062,84.36,-0.2368,0.0648,0.3016,1200.057,0.205164,37.275,-388.295101,-388.285886,-388.284942,-388.328234
gdb_70333,CC12CN1CC1NC21C,2.3549,81.57,-0.2166,0.0724,0.2889,1035.0788,0.183549,33.53,-383.232969,-383.224725,-383.223781,-383.264965
gdb_70376,CC1(OC2CC12O)C#C,2.3366,74.23,-0.2371,0.0279,0.265,1032.9788,0.132193,34.387,-421.739103,-421.730181,-421.729237,-421.772019
gdb_70393,CC12NC1CC2(O)C#C,2.2635,78.08,-0.2268,0.0304,0.2573,1056.7941,0.14509,35.005,-401.865435,-401.856335,-401.85539,-401.898564
gdb_70400,NC1(CC2CC12O)C#N,3.8359,72.62,-0.2644,0.0303,0.2947,1027.9872,0.135553,33.148,-417.97733,-417.968652,-417.967708,-418.010184
gdb_70415,CC12OC1CC2(C)C=O,1.1438,75.68,-0.2516,-0.031,0.2206,1066.3689,0.156206,34.176,-423.008303,-422.999165,-422.998221,-423.041885
gdb_70431,CC12OC1CC21COC1,2.2158,74.55,-0.243,0.0746,0.3176,1067.5156,0.158099,31.504,-422.967478,-422.959138,-422.958193,-423.000616
gdb_70467,OC12CC1OC2CC#C,2.5523,74.35,-0.2356,0.0511,0.2867,1287.7495,0.133155,33.17,-421.736751,-421.72798,-421.727035,-421.770355
gdb_70513,CC12OC1CC=CC2=O,3.6519,74.96,-0.2442,-0.0562,0.188,1022.3395,0.135891,30.206,-421.851101,-421.843239,-421.842295,-421.883296
gdb_70526,CC12COC=NCC1O2,1.3725,71.2,-0.2455,0.0132,0.2586,1032.4918,0.148458,30.565,-439.069855,-439.061902,-439.060957,-439.102112
gdb_70562,OC12CC1COC(=O)C2,3.472,68.04,-0.2612,0.0111,0.2723,1056.1192,0.136246,30.489,-458.988351,-458.980506,-458.979562,-459.020594
gdb_70574,CC12CN1CCC1OC21,1.1566,77.9,-0.2263,0.0711,0.2974,1032.0051,0.172301,31.482,-403.114616,-403.106845,-403.1059,-403.146364
gdb_70579,CC12OC1CCC1CC21,1.7387,81.14,-0.2512,0.0848,0.336,1060.72,0.184242,32.286,-387.085727,-387.077844,-387.0769,-387.117509
gdb_70588,OC12CC1COC1CC21,1.8155,74.2,-0.2341,0.0783,0.3125,1002.8631,0.160215,31.23,-422.991838,-422.984296,-422.983352,-423.023245
gdb_70611,CC12CC1COC21CC1,1.5054,82.21,-0.2262,0.0851,0.3113,1052.4557,0.182981,33.186,-387.07409,-387.065915,-387.064971,-387.106229
gdb_70626,OC12CC1CCC21CN1,1.341,78.1,-0.2344,0.0613,0.2957,1034.0124,0.172599,32.457,-403.11993,-403.111972,-403.111028,-403.151887
gdb_70693,CC12CN1CCNC2=O,3.1463,75.84,-0.229,0.0207,0.2498,1040.9101,0.160967,31.913,-419.224263,-419.215968,-419.215024,-419.257061
gdb_70732,OC12CC1OCCC=C2,1.3455,77.95,-0.2276,0.0173,0.2449,1077.2639,0.159647,32.187,-423.004552,-422.996459,-422.995515,-423.036771
gdb_70788,CC12CC3(C)C(CC13)C2,0.0993,89.34,-0.2576,0.0928,0.3503,1076.5807,0.207193,33.849,-351.141256,-351.133189,-351.132245,-351.172953
gdb_70865,CC12CC3(C)CC1(C)N23,1.5261,86.75,-0.2314,0.0935,0.3249,1139.0876,0.192875,35.983,-367.184925,-367.175716,-367.174772,-367.217977
gdb_70873,CC12C3CC1(C)CC23O,0.9116,82.94,-0.2288,0.0801,0.3089,1082.3126,0.181382,35.323,-387.050959,-387.042015,-387.041071,-387.083674
gdb_70994,CC12CC3(CC1)OCC23,2.0493,82.74,-0.2335,0.0604,0.2938,1043.8423,0.183825,31.849,-386.989383,-386.981846,-386.980902,-387.020649
gdb_71011,CC12CC3(CCC3C1)C2,0.1106,90.26,-0.2559,0.0889,0.3448,1122.3415,0.208141,32.982,-351.120699,-351.113017,-351.112073,-351.152036
gdb_71089,OC12CN3C(C1)C(=O)C23,2.905,68.37,-0.2475,-0.0247,0.2228,929.8548,0.125406,27.73,-437.83757,-437.830787,-437.829842,-437.868485
gdb_71124,CC12CC3C(CC1)N3C2,1.6699,83.5,-0.2175,0.0731,0.2906,997.8368,0.198148,31.269,-367.22382,-367.216372,-367.215428,-367.255122
gdb_71191,CC12CC3C(C13)N2C=O,4.2012,76.92,-0.2304,0.0181,0.2485,1027.6796,0.147457,30.233,-401.913351,-401.905579,-401.904635,-401.945537
gdb_71201,CC12CC=CC3C(O1)C23,1.5384,79.28,-0.2163,0.023,0.2394,949.5903,0.160449,30.08,-385.870721,-385.863534,-385.86259,-385.901691
gdb_71227,OC12CC3C(OC13)C=C2,2.5831,71.26,-0.2369,-0.0017,0.2351,870.0973,0.136912,28.397,-421.779026,-421.772309,-421.771365,-421.809572
gdb_71250,CC12CC3CC1(O)CC23,1.1306,81.56,-0.2452,0.0773,0.3225,971.43,0.183536,32.776,-387.066901,-387.058994,-387.058049,-387.098531
gdb_71321,CC12CC3C1C(O2)C3=O,3.6756,72.09,-0.2292,-0.0283,0.201,995.2931,0.135546,29.003,-421.796173,-421.788817,-421.787873,-421.827763
gdb_71374,CC12CC3C1C2(O)C3=O,3.7247,72.74,-0.2293,0.0066,0.2359,1001.7501,0.134598,31.442,-421.79482,-421.786678,-421.785734,-421.827054
gdb_71388,CC1(C)C2C3C1CC23O,1.3753,81.83,-0.2292,0.0774,0.3065,1101.9922,0.181594,34.821,-387.04173,-387.033227,-387.032283,-387.073885
gdb_71464,CC12CC3C1C3(C2)C#C,1.1421,88.17,-0.2288,0.0447,0.2736,1169.5749,0.158394,32.871,-348.681692,-348.673563,-348.672619,-348.713773
gdb_71530,CC12OC3C1CC23C#C,1.7073,79.94,-0.2338,0.0322,0.266,1011.5439,0.133678,31.495,-384.57304,-384.56503,-384.564086,-384.60523
gdb_71543,OC12CC3C1OC23C#C,2.8696,72.74,-0.2328,0.0103,0.2431,966.9996,0.110198,30.148,-420.493246,-420.485571,-420.484627,-420.525138
gdb_71545,OC12CN3C1CC23C#C,1.6665,76.7,-0.2461,0.0184,0.2646,976.3702,0.123019,30.557,-400.617758,-400.610049,-400.609105,-400.649593
gdb_71583,CC12CC3C1CC=CC23,0.2844,87.42,-0.2273,0.0203,0.2475,1000.3266,0.184953,30.958,-349.931918,-349.924528,-349.923584,-349.963172
gdb_71608,CC12OCC3C1CC23O,2.4962,74.86,-0.2304,0.0749,0.3053,942.7348,0.159462,31.486,-422.990746,-422.982958,-422.982014,-423.022363
gdb_71740,CC12CC3C4C3C1CC24,0.0665,84.01,-0.2527,0.0954,0.3481,916.6524,0.186272,29.277,-349.950599,-349.943983,-349.943039,-349.980938
gdb_71781,CC12CC3C4CC1N4C23,1.7601,80.44,-0.2092,0.0716,0.2808,909.7766,0.173721,28.603,-365.938919,-365.932288,-365.931344,-365.969354
gdb_71854,CC12OC3C=CCC1C23,1.6273,79.35,-0.2162,0.0092,0.2254,1004.3352,0.160589,30.082,-385.866672,-385.859276,-385.858332,-385.898057
gdb_71869,OC12CC3NC(=O)C1C23,3.1039,68.17,-0.2359,0.0203,0.2562,970.2776,0.126112,28.332,-437.890014,-437.883059,-437.882115,-437.921082
gdb_71882,CC12CC3CC(C)(C1)C23,0.1506,89.32,-0.2512,0.0896,0.3408,1113.5161,0.206258,34.462,-351.132946,-351.124618,-351.123674,-351.164929
gdb_71926,OC12CC3NC(C13)C2=O,3.1552,68.27,-0.2264,-0.0244,0.202,913.6914,0.125226,28.258,-437.835958,-437.828946,-437.828001,-437.867133
gdb_71940,CC12CCC3CC(O1)C23,1.6388,80.69,-0.2371,0.076,0.3131,997.0365,0.184394,30.967,-387.084426,-387.076816,-387.075872,-387.116569
gdb_72054,CC12OC3CC1C23C#N,3.588,74.97,-0.2545,0.0056,0.2601,1015.4581,0.124362,29.043,-400.70586,-400.69829,-400.697345,-400.737879
gdb_72115,OC12CN3CC1C3C2=O,2.0801,67.95,-0.2382,-0.0254,0.2128,896.6271,0.125668,27.644,-437.82986,-437.823001,-437.822057,-437.860868
gdb_72227,CC12CC3COC1(C)C23,1.4499,82.09,-0.2186,0.0913,0.3099,1036.9518,0.182904,32.977,-387.074655,-387.066436,-387.065491,-387.106726
gdb_72236,CC12OC3COC1(C)C23,2.0163,75.01,-0.2099,0.0819,0.2918,989.7336,0.158538,31.623,-422.992042,-422.984029,-422.983085,-423.024001
gdb_72289,OC12CC3COCC1C23,0.4742,74.38,-0.2334,0.0786,0.3119,1002.8048,0.161337,30.07,-422.993965,-422.98664,-422.985696,-423.025228
gdb_72338,CC12OC=NC1C1CC21,1.9644,73.73,-0.2448,0.0225,0.2673,910.2689,0.149161,28.974,-401.937548,-401.930421,-401.929477,-401.968644
gdb_72342,OC12CC=CC1C1NC21,2.4291,75.49,-0.2283,0.0314,0.2596,925.3422,0.148943,29.804,-401.902246,-401.895074,-401.89413,-401.933325
gdb_72370,OC12CC=CC1CC2=O,2.1528,73.45,-0.245,-0.0288,0.2162,997.2767,0.135387,30.534,-421.84101,-421.83302,-421.832076,-421.873654
gdb_72491,CC12COC(C1)CCC2,1.5376,83.69,-0.2377,0.0763,0.314,1059.7707,0.20909,32.98,-388.3243,-388.316395,-388.315451,-388.355952
gdb_72500,OC12CCC(C1)OCC2,1.7377,76.48,-0.2436,0.0727,0.3164,1006.6464,0.185522,31.844,-424.247819,-424.240265,-424.239321,-424.279124
gdb_72524,OC12CCC(NC1)C2=O,1.5264,70.2,-0.2218,-0.0233,0.1986,937.5007,0.150011,30.259,-439.097924,-439.09029,-439.089346,-439.129736
gdb_72557,CC12CCC(C1)OC2=O,4.2728,73.68,-0.2569,0.019,0.2758,971.3653,0.161608,30.097,-423.093163,-423.085676,-423.084731,-423.124714
gdb_72559,CC12CCC(CC1=O)O2,2.3908,73.86,-0.2305,-0.0165,0.2141,978.5193,0.160312,30.841,-423.070309,-423.06253,-423.061585,-423.10232
gdb_72706,CC12CCC11CC2C=C1,0.2599,87.51,-0.2135,0.0142,0.2277,951.7108,0.183334,32.015,-349.845681,-349.838382,-349.837437,-349.876479
gdb_72749,OC12CCC11COC1C2,2.4094,74.76,-0.2357,0.0723,0.3079,976.9756,0.159128,31.212,-422.971006,-422.963097,-422.962153,-423.003182
gdb_72788,OC12COC1=NCC2=O,1.4131,62.71,-0.2412,-0.0597,0.1815,933.3476,0.100055,28.193,-473.78773,-473.780027,-473.779083,-473.820178
gdb_72810,CC12CCC1C(=N)OC2,3.1875,79.47,-0.2525,0.0264,0.2789,1075.6828,0.172495,31.819,-403.166986,-403.158838,-403.157894,-403.199636
gdb_72876,CC12COC1C(O2)C=O,1.8108,69.26,-0.246,-0.0368,0.2092,1074.7742,0.133668,30.474,-458.926305,-458.917971,-458.917027,-458.959612
gdb_72892,OC12CCC1C1(CO1)C2,1.5429,75.25,-0.2532,0.0629,0.316,1094.3022,0.158247,32.19,-422.975641,-422.967414,-422.96647,-423.00861
gdb_72907,CC12COC1C1CC1O2,1.3262,73.56,-0.2372,0.0647,0.3019,971.0993,0.159747,30.274,-422.99812,-422.990554,-422.98961,-423.030003
gdb_72914,OC12CCC1C1OC1C2,1.1706,73.38,-0.2542,0.0753,0.3295,965.8743,0.160252,30.558,-423.007373,-422.999892,-422.998948,-423.038903
gdb_72949,CC1(C#C)C2CCC12O,0.9769,82.67,-0.2269,0.0411,0.268,1100.6393,0.157084,35.398,-385.82794,-385.818929,-385.817984,-385.860825
gdb_72950,CC1(C#C)C2OCC12O,1.3737,75.43,-0.2266,0.0362,0.2628,1066.2515,0.132721,34.116,-421.737121,-421.728189,-421.727245,-421.77009
gdb_73033,OC12CCC1C2N1CC1,1.6568,80.28,-0.2348,0.0816,0.3164,1201.6713,0.170635,32.99,-403.076719,-403.068194,-403.06725,-403.10993
gdb_73046,CC12OCC1C2CC#N,3.9037,76.41,-0.2498,0.0403,0.2902,1256.4891,0.14706,31.918,-401.926658,-401.918028,-401.917083,-401.960444
gdb_73091,OC12CCC1C=CCC2,1.3437,83.37,-0.2339,0.0283,0.2623,1061.9502,0.184398,32.77,-387.100665,-387.092681,-387.091736,-387.132596
gdb_73213,OC12CCC1OC=NC2,1.9763,71.34,-0.2411,0.0272,0.2683,974.3742,0.148794,30.335,-439.082153,-439.074357,-439.073413,-439.114459
gdb_73214,OC12COC1CC=CC2,2.2027,75.18,-0.2445,0.0072,0.2517,1017.2853,0.160187,31.185,-423.016888,-423.008958,-423.008013,-423.049423
gdb_73243,OC12CCC1OCC2=O,1.6902,67.37,-0.246,-0.0413,0.2046,971.1849,0.135636,30.154,-458.965508,-458.957663,-458.956719,-458.998013
gdb_73283,OC12CCC1OCCC2,1.9689,77.96,-0.2398,0.0757,0.3155,1063.5577,0.183898,32.886,-424.223805,-424.215716,-424.214771,-424.255869
gdb_73379,OC12COC3C(CC13)C2,1.2153,73.12,-0.2371,0.0669,0.304,905.7057,0.162224,28.871,-423.014427,-423.007658,-423.006714,-423.04504
gdb_73400,CC12COC3C1CCC23,1.7336,80.7,-0.2273,0.0738,0.3011,980.302,0.185473,30.436,-387.08901,-387.081732,-387.080788,-387.120132
gdb_73434,OC12CCC3C4C1C2N34,1.5907,73.45,-0.2151,0.0633,0.2784,920.4022,0.149599,28.812,-401.873656,-401.866746,-401.865802,-401.904564
gdb_73439,CC12CCC3C=CC1N23,1.5866,82.15,-0.2081,0.0093,0.2174,964.1006,0.173745,29.998,-366.013629,-366.006465,-366.005521,-366.044622
gdb_73500,CC12OCC3COC1C23,2.4114,73.96,-0.2181,0.0849,0.303,959.5609,0.160957,29.301,-423.015749,-423.008451,-423.007507,-423.047186
gdb_73560,OC12CCCC1=CCC2,1.3133,83.98,-0.232,0.0201,0.2521,1074.4454,0.184624,32.611,-387.117349,-387.109249,-387.108305,-387.149646
gdb_73585,OC12CCCC1N1CC21,0.8235,76.52,-0.2255,0.0737,0.2992,984.727,0.172794,31.326,-403.107005,-403.099376,-403.098432,-403.138682
gdb_73649,CC12OCCC1OC2=N,2.9469,72.49,-0.2575,0.0186,0.2761,989.2701,0.148478,30.396,-439.098181,-439.090313,-439.089369,-439.130387
gdb_73688,CC12OCCC1CCO2,2.5579,76.53,-0.2447,0.0688,0.3134,1022.0633,0.184685,31.672,-424.258078,-424.250006,-424.249062,-424.291362
gdb_73729,OC12CCOC3CC1C23,1.9683,73.83,-0.2431,0.0731,0.3162,974.3121,0.161432,30.076,-422.991886,-422.984683,-422.983739,-423.022981
gdb_73761,CC1=C(NC(=O)C1=O)C,6.3354,75.24,-0.2324,-0.0838,0.1486,1162.9288,0.122628,32.476,-437.957992,-437.948693,-437.947749,-437.992754
gdb_73800,CC1=C(C)C(CC1)C#C,0.8644,92.48,-0.2241,0.0292,0.2533,1323.0408,0.180946,36.775,-349.952451,-349.942639,-349.941695,-349.986829
gdb_73805,CC1=C(C)C(CC1)C=O,2.9314,87.18,-0.2237,-0.0223,0.2014,1292.0754,0.180923,35.573,-387.131645,-387.121781,-387.120837,-387.166856
gdb_73960,CC1=C(CCOC1)C=O,3.0586,81.64,-0.2455,-0.0535,0.192,1251.3275,0.159036,32.468,-423.053103,-423.044281,-423.043337,-423.086767
gdb_74010,CC1=C2CCC2C(=O)N1,3.524,80.78,-0.2012,0.0005,0.2017,1116.2078,0.148646,30.962,-401.971208,-401.96313,-401.962185,-402.003733
gdb_74023,CC1=C2CCC2NC1=O,4.0166,81.09,-0.2381,-0.0206,0.2174,1113.1124,0.148915,30.758,-401.97963,-401.971556,-401.970612,-402.012336
gdb_74030,CC1=C2NCC2OC1=O,4.9852,74.56,-0.2385,-0.0383,0.2003,1066.7126,0.124601,29.16,-437.887206,-437.879306,-437.878361,-437.920031
gdb_74032,CC1=C2CCC2COC1,1.4615,86.73,-0.2246,0.0255,0.2501,1172.6174,0.183844,32.53,-387.085727,-387.077388,-387.076443,-387.118371
gdb_74042,CC1=C2CCCC2OC1,1.8336,85.92,-0.2199,0.022,0.2419,1190.5909,0.184168,32.127,-387.11389,-387.105489,-387.104545,-387.14696
gdb_74071,C1C(=CC(=O)N1C=O)N,8.8257,73.2,-0.2358,-0.0265,0.2093,1198.9951,0.113143,30.235,-454.014584,-454.00632,-454.005375,-454.04757
gdb_74149,CC1=CC(=N)OC11CC1,4.7065,84.1,-0.2236,-0.0256,0.1981,1137.981,0.147643,31.691,-401.967184,-401.958997,-401.958053,-401.999771
gdb_74339,NC1=NC(CO1)C1CC1,1.64,76.53,-0.2222,0.0568,0.279,1223.7718,0.161379,31.893,-419.21903,-419.210613,-419.209669,-419.252796
gdb_74356,CC1=CC(CC=O)CC1,2.9954,86.93,-0.2348,-0.0186,0.2162,1564.73,0.181419,34.556,-387.124157,-387.114625,-387.113681,-387.159534
gdb_74387,CC1=CC2(O)C3OC1C23,0.6216,73.09,-0.2146,0.005,0.2196,1016.6553,0.135099,30.462,-421.77529,-421.767696,-421.766752,-421.806868
gdb_74419,CC12CC1C(=O)C(N)=N2,0.9149,75.97,-0.2262,-0.0534,0.1728,1081.3204,0.136431,32.056,-418.040739,-418.032542,-418.031597,-418.072964
gdb_74476,CC1=CC2(CN2)C2OC12,3.0941,79.62,-0.2257,-0.0024,0.2233,1125.1137,0.147898,30.643,-401.909278,-401.901441,-401.900496,-401.941423
gdb_74552,CC1(C)C2OC(N)=NC12,1.408,76.41,-0.2125,0.0535,0.266,1131.6803,0.159614,33.695,-419.220574,-419.211884,-419.21094,-419.253302
gdb_74592,NC1=NC2C3C2C(=O)N13,2.4987,66.04,-0.2243,-0.0181,0.2062,862.23,0.102628,26.878,-432.854102,-432.847328,-432.846383,-432.885056
gdb_74735,CC1=CC2OC11COC21,0.9698,73.43,-0.2343,-0.0121,0.2222,923.6139,0.134553,29.522,-421.666263,-421.658931,-421.657987,-421.697636
gdb_74752,CC1=CC2CC1C2(C)C,0.2634,91.15,-0.2109,0.0242,0.2351,1154.9704,0.205515,36.219,-351.133887,-351.124889,-351.123944,-351.166696
gdb_74825,NC1=NC2CC2(O1)C#C,1.2014,74.16,-0.2249,0.0223,0.2472,1090.0413,0.112546,30.599,-416.776672,-416.768917,-416.767973,-416.808582
gdb_74999,CC1=NC2CNC2CO1,1.2717,76.57,-0.2163,0.0261,0.2424,1148.3981,0.161629,30.516,-419.200247,-419.192245,-419.191301,-419.232976
gdb_75062,CC1=CNC(=O)C12CC2,3.2697,79.27,-0.2007,0.0012,0.2019,1079.21,0.148161,32.141,-401.994921,-401.986529,-401.985585,-402.027605
gdb_75064,CC1=CNC(=O)C11CO1,4.0444,72.18,-0.2167,-0.0268,0.19,1042.6449,0.123773,30.662,-437.909282,-437.90102,-437.900076,-437.942029
gdb_75183,CC1=CCC(CC1)C=O,2.9165,86.42,-0.2369,-0.0186,0.2183,1485.8793,0.182439,34.134,-387.12921,-387.120039,-387.119095,-387.16361
gdb_75184,CC1=CCC(OC1)C=O,2.9909,78.81,-0.2441,-0.0275,0.2166,1387.4825,0.157856,32.8,-423.046123,-423.037134,-423.03619,-423.08027
gdb_75263,CC1=NCC2=NCCN12,3.1614,79.35,-0.2102,0.0037,0.2139,1090.8392,0.150186,29.329,-398.16698,-398.159083,-398.158138,-398.199631
gdb_75272,CC1=CCC2C1N2C=O,3.2673,77.96,-0.2391,-0.0027,0.2363,1040.023,0.147695,30.709,-401.959654,-401.95148,-401.950536,-401.992422
gdb_75275,CC1=CCC2C1C2(C)O,1.4298,84.54,-0.2111,0.027,0.2381,1168.9581,0.181514,35.685,-387.097023,-387.087938,-387.086994,-387.130019
gdb_75358,CC1=CCC2CCC12C,0.2131,90.78,-0.2246,0.0339,0.2585,1120.6386,0.206455,35.265,-351.174664,-351.165765,-351.164821,-351.207616
gdb_75368,CC1=CCC2COC1O2,1.6412,75.56,-0.2339,0.0155,0.2494,1001.1518,0.161431,29.635,-423.044473,-423.036998,-423.036054,-423.076207
gdb_75495,CC1=CCCC2NC12C,1.5159,88.1,-0.2266,0.0261,0.2527,1150.1177,0.195375,34.926,-367.21468,-367.205844,-367.2049,-367.247558
gdb_75497,CC1=CCOC2CC12C,1.4941,84.57,-0.2266,0.0203,0.247,1115.9478,0.182399,34.345,-387.087657,-387.078885,-387.07794,-387.12046
gdb_75543,CC1=CCCCC12CC2,0.1639,92.61,-0.2146,0.0341,0.2487,1204.4242,0.207636,34.844,-351.17219,-351.163606,-351.162662,-351.204864
gdb_75613,CC1C(=O)C(O)C1(C)C,2.3558,78.57,-0.2447,-0.0212,0.2235,1167.1273,0.179198,38.281,-424.242973,-424.232609,-424.231665,-424.277579
gdb_75667,CN1C(=O)C2CC12C#C,3.3089,77.88,-0.2359,-0.0034,0.2325,1105.9911,0.122524,31.778,-400.706258,-400.69767,-400.696725,-400.739464
gdb_75689,OC1C(=O)C2OC12C=O,2.5335,60.83,-0.2545,-0.0737,0.1807,1050.3167,0.086138,28.651,-493.664155,-493.656107,-493.655163,-493.697295
gdb_75713,CC12COC1C(=O)C2O,2.7684,68.38,-0.2361,-0.0448,0.1913,1021.7525,0.133774,31.888,-458.932081,-458.923329,-458.922384,-458.96558
gdb_75859,OC1C(=N)NC=C1C#N,6.6658,74.59,-0.2377,-0.0522,0.1855,1138.8766,0.102036,29.617,-432.893914,-432.885827,-432.884882,-432.926858
gdb_75876,CN1C(=N)CC=CC1=O,3.9191,77.98,-0.2439,-0.0483,0.1956,1089.5505,0.137762,30.334,-418.068722,-418.060528,-418.059584,-418.102167
gdb_75890,CC1(O)COC(=O)C1N,2.6903,66.9,-0.2457,0.0056,0.2513,1071.2731,0.147373,34.087,-476.260966,-476.251888,-476.250944,-476.294379
gdb_75895,CC1C(=O)CCC1(C)O,3.2579,77.83,-0.2367,-0.0136,0.2231,1153.3614,0.180599,36.823,-424.270536,-424.260915,-424.259971,-424.304478
gdb_75897,CC1C(=O)NCC1(C)C,3.6435,81.63,-0.2356,0.037,0.2727,1173.4581,0.19417,36.989,-404.412514,-404.402906,-404.401961,-404.446228
gdb_75974,CN1C(=O)COCC1=O,1.2049,66.79,-0.2636,-0.0321,0.2314,1069.7354,0.124756,29.689,-475.086741,-475.07841,-475.077466,-475.120394
gdb_75996,CN1C(C#N)C(O)C1=N,3.7624,71.97,-0.2516,-0.0012,0.2504,1102.5759,0.12329,32.49,-434.060681,-434.051295,-434.05035,-434.095467
gdb_76049,CC1C(C#N)C11CCO1,3.4618,77.31,-0.2461,0.028,0.2741,1163.4508,0.146872,32.226,-401.934546,-401.92569,-401.924745,-401.968398
gdb_76086,CC1C(C#C)C1N1CC1,0.3534,86.22,-0.2108,0.0439,0.2546,1165.882,0.169223,35.478,-365.925347,-365.915884,-365.91494,-365.959702
gdb_76106,OC1C(C#N)C1N1CC1,5.4055,74.29,-0.2515,0.0316,0.2831,1137.7174,0.135521,31.491,-417.96379,-417.955244,-417.954299,-417.997574
gdb_76269,CC1C(C)C(=O)CC1=O,1.7915,74.99,-0.2396,-0.0404,0.1992,1164.5532,0.157299,34.019,-423.085012,-423.075782,-423.074838,-423.119518
gdb_76294,OC1C(O)C(=N)NC1=N,3.9734,69.65,-0.2586,-0.0103,0.2483,1062.3592,0.125307,31.74,-471.218753,-471.210379,-471.209435,-471.251633
gdb_76328,CC1N(C)C(=O)C1(C)O,2.7365,76.97,-0.2364,0.0299,0.2663,1177.0,0.168102,37.426,-440.315421,-440.304938,-440.303993,-440.350555
gdb_76342,CC1C(C)C(C=O)C1C,3.0812,85.78,-0.2409,-0.0204,0.2205,1278.0686,0.203733,38.191,-388.296798,-388.286468,-388.285524,-388.332138
gdb_76519,OC1C(O)C11CC=CC1,1.9062,76.44,-0.227,0.0318,0.2588,1144.831,0.159369,32.761,-423.009551,-423.001144,-423.0002,-423.042546
gdb_76696,CC1C(C)C1OCC#N,2.9615,79.35,-0.2538,0.0096,0.2633,1310.9575,0.169055,35.802,-403.1363,-403.126249,-403.125305,-403.171812
gdb_76767,OC1C(O)C2(O)CNC12,2.0927,66.47,-0.2404,0.0494,0.2898,992.3227,0.148012,32.075,-476.173455,-476.165291,-476.164347,-476.205968
gdb_76835,CC1C(O)C2C1CC2=O,4.1467,75.29,-0.2335,-0.0132,0.2203,1074.8018,0.157989,33.051,-423.015806,-423.007084,-423.00614,-423.049602
gdb_76858,CC1C(O)C2C3CN3C12,2.6024,77.27,-0.2167,0.0538,0.2705,997.8697,0.171577,32.417,-403.064049,-403.055856,-403.054912,-403.09634
gdb_76950,CC1N(C=O)C11CCC1,3.7928,81.61,-0.2445,0.009,0.2535,1250.7644,0.169908,33.659,-403.139135,-403.129991,-403.129047,-403.173181
gdb_76972,CC1C(C=O)C1C1CO1,3.8231,76.66,-0.237,-0.0136,0.2234,1166.7641,0.157763,33.143,-422.99739,-422.988253,-422.987309,-423.032065
gdb_76979,OC1C(C=O)C1C1CN1,3.9105,74.68,-0.2392,-0.0223,0.2169,1289.7675,0.146593,32.785,-439.037729,-439.028701,-439.027757,-439.072403
gdb_76995,CC1C(C=O)C=CC1=O,1.8251,75.8,-0.25,-0.0666,0.1834,1164.4111,0.134984,31.031,-421.87025,-421.861686,-421.860742,-421.904287
gdb_77061,OC1C(CC#C)OC1=O,2.8711,67.31,-0.2699,-0.0094,0.2606,1282.1808,0.11003,31.75,-457.743614,-457.734621,-457.733677,-457.778131
gdb_77204,NC1C(NC1C#N)C#N,0.6414,71.09,-0.2732,-0.0217,0.2515,1232.4722,0.113861,30.762,-412.976849,-412.968241,-412.967297,-413.010726
gdb_77276,OC1C(OC=N)C1C#N,5.0747,68.32,-0.2706,-0.0054,0.2652,1146.5355,0.111057,31.28,-453.922252,-453.913347,-453.912403,-453.95665
gdb_77315,CC1C(CCC1=O)C#N,3.7594,75.43,-0.2537,-0.0336,0.2201,1156.1525,0.147891,31.973,-402.003588,-401.994914,-401.993969,-402.03744
gdb_77324,CC1C(OCC1=O)C#C,1.6515,73.62,-0.2446,-0.0292,0.2155,1120.1376,0.134005,32.484,-421.810735,-421.80192,-421.800975,-421.844546
gdb_77343,OC1C(COC1=N)C#N,3.6952,67.28,-0.2922,-0.0072,0.285,1152.7574,0.113575,29.514,-453.970979,-453.962925,-453.961981,-454.003932
gdb_77363,OC1C(COC1=N)C=O,1.4058,66.64,-0.2681,-0.0391,0.229,1173.5211,0.123914,30.313,-475.044302,-475.035873,-475.034929,-475.07811
gdb_77419,CC1C2(C)C3OC3C12C,1.9174,82.26,-0.2167,0.065,0.2817,1084.3086,0.179651,35.961,-387.017916,-387.008363,-387.007419,-387.05191
gdb_77480,CC1OC2(C)C(O)C12O,0.9794,71.71,-0.2248,0.0715,0.2963,1088.6485,0.156379,36.013,-460.119823,-460.110311,-460.109367,-460.153284
gdb_77508,OC1C2(O)CC1(O)C2O,2.8283,63.94,-0.2398,0.0573,0.2971,1029.6906,0.133437,34.934,-496.03422,-496.025078,-496.024133,-496.067241
gdb_77510,CC12CC(O)(C=C1)C2O,2.7511,75.58,-0.2383,-0.0018,0.2366,1027.3102,0.158082,34.175,-422.995939,-422.987496,-422.986552,-423.028047
gdb_77558,CC1(O)C2CC2(O)C1O,2.3321,71.31,-0.238,0.0691,0.3071,1083.3423,0.156342,36.613,-460.12514,-460.115696,-460.114751,-460.158432
gdb_77590,CC1C2(C)OC2C11CO1,0.9113,75.62,-0.2472,0.0751,0.3223,1119.9614,0.156735,33.418,-422.972017,-422.963238,-422.962294,-423.005073
gdb_77787,CN1C2C(=O)CC12C#C,2.0889,78.6,-0.2375,-0.0336,0.2039,1126.4691,0.1217,32.003,-400.678875,-400.670398,-400.669454,-400.711878
gdb_77917,CC1C2N(C)C1(C)C2=O,2.1892,80.97,-0.2384,0.0082,0.2466,1096.437,0.168557,35.322,-403.103679,-403.094222,-403.093278,-403.137296
gdb_77923,CC1C2C(C)C1(O)C2C,1.3122,86.61,-0.247,0.075,0.322,1206.2007,0.2041,38.439,-388.240197,-388.229945,-388.229,-388.275435
gdb_78061,CC1C2C(C=O)C2C1=O,3.4157,74.48,-0.2511,-0.0438,0.2073,1127.8553,0.134177,31.172,-421.823608,-421.815101,-421.814157,-421.857133
gdb_78064,CC1N2C(C=O)C2C1=O,3.2347,70.9,-0.2463,-0.0635,0.1828,964.4747,0.122147,30.434,-437.854728,-437.84632,-437.845376,-437.887814
gdb_78183,OC1C2C1C(=O)CC2O,2.4416,68.29,-0.236,-0.0119,0.2241,1039.0483,0.135656,31.421,-458.96947,-458.961301,-458.960357,-459.002279
gdb_78188,CC1C2C(N)C(C#N)N12,4.9378,75.64,-0.2507,0.0125,0.2633,1031.857,0.148416,32.833,-398.081369,-398.072582,-398.071637,-398.114684
gdb_78198,CN1C2C(O)C2C1C#C,1.5961,77.81,-0.2032,0.0344,0.2375,1026.8672,0.145775,33.817,-401.847767,-401.838899,-401.837954,-401.880817
gdb_78272,CC1C2C3C(O)C3C12O,0.9059,76.01,-0.2052,0.067,0.2722,1081.3723,0.157141,34.691,-422.926291,-422.91729,-422.916346,-422.95961
gdb_78277,CC1N2C3C(O)C3C12C,1.0753,80.37,-0.2144,0.059,0.2734,1101.3277,0.169161,34.916,-403.042937,-403.033897,-403.032953,-403.076201
gdb_78434,OC1C2C1C1C=CCC21,1.6025,78.89,-0.2307,0.0235,0.2542,1060.0404,0.160775,30.251,-385.856003,-385.848536,-385.847592,-385.887654
gdb_78454,CC1C2CC1C1C2N1C,1.0255,86.96,-0.2111,0.0995,0.3106,1186.643,0.195748,32.838,-367.156274,-367.148302,-367.147358,-367.188126
gdb_78479,CC1C2C1C1CCCC21,0.1491,88.51,-0.2366,0.0853,0.3219,1217.5677,0.208663,32.727,-351.142954,-351.135013,-351.134069,-351.175028
gdb_78607,CC1C2C3N(C)C2C13C,1.2801,87.23,-0.2022,0.089,0.2912,1165.7858,0.192594,35.24,-367.120418,-367.111344,-367.110399,-367.153535
gdb_78641,CC1N2C3C1=CCC23C,0.7081,87.07,-0.2043,-0.0328,0.1714,1085.023,0.170086,32.773,-365.902707,-365.894562,-365.893618,-365.934637
gdb_78682,OC1C2C3C1C2(O)C3=O,3.1339,66.01,-0.2412,0.003,0.2442,1031.7077,0.111192,29.593,-457.697669,-457.68984,-457.688896,-457.72993
gdb_78684,CC1(C)C2C3C(O)C2N13,2.2506,79.08,-0.2348,0.0778,0.3126,1147.795,0.170069,33.251,-403.053889,-403.045583,-403.044639,-403.086149
gdb_78778,CC1C2C3C(N13)C2(C)O,2.9832,77.95,-0.2336,0.0666,0.3002,1023.3236,0.170082,33.698,-403.084289,-403.075888,-403.074944,-403.11644
gdb_78871,CN1C2C3C2C2(CO2)C13,1.8331,75.27,-0.211,0.0895,0.3004,956.7253,0.147662,29.428,-401.847484,-401.840202,-401.839258,-401.878817
gdb_79007,CN1C2C3C4C=CC13C24,1.0995,80.1,-0.2113,-0.0011,0.2102,929.393,0.148301,28.211,-364.669768,-364.663146,-364.662201,-364.70023
gdb_79077,CC1C2C3C=CC1C23O,0.8435,79.19,-0.2187,0.0174,0.2361,992.7128,0.159943,31.483,-385.860355,-385.852719,-385.851775,-385.891806
gdb_79081,CC12C=CC3C1C(O)C23,1.3587,79.54,-0.2163,0.0087,0.225,997.0306,0.15951,31.432,-385.831402,-385.823815,-385.822871,-385.862723
gdb_79099,CC1C2C3NC(=O)C1C23,3.7803,74.16,-0.2287,0.027,0.2557,936.8272,0.149728,29.458,-401.958632,-401.951327,-401.950382,-401.990078
gdb_79141,CC1CC2C3C(O)C1N23,1.6744,76.86,-0.236,0.0565,0.2924,989.2581,0.173215,31.279,-403.118533,-403.110807,-403.109863,-403.150233
gdb_79176,OC1C2C3CN(C23)C1=O,2.8939,66.99,-0.2408,-0.0218,0.2191,889.4938,0.125898,27.333,-437.851613,-437.844713,-437.843769,-437.883053
gdb_79194,OC1C2C3OC(C23)C1O,3.0642,65.21,-0.2421,0.0599,0.302,889.0377,0.137835,28.318,-458.91889,-458.912088,-458.911144,-458.949775
gdb_79198,CC1C2C3CC(C3)C12O,1.2784,81.77,-0.2395,0.0852,0.3247,1036.8897,0.184263,32.59,-387.040189,-387.032281,-387.031336,-387.07206
gdb_79202,CN1C2C3CC(C3)C12C,0.9639,86.05,-0.2087,0.0891,0.2978,1046.5841,0.195546,33.119,-367.149997,-367.141882,-367.140938,-367.182003
gdb_79220,NC1C2C3N2CC13C#N,2.264,73.37,-0.2492,0.006,0.2552,992.3841,0.126236,28.908,-396.867573,-396.860239,-396.859295,-396.8992
gdb_79314,OC1C2C3OC1C23C#C,1.4651,72.86,-0.2387,0.021,0.2597,1062.581,0.111894,29.024,-420.522845,-420.515556,-420.514612,-420.554449
gdb_79406,CC1N2C3CC2(C)C13O,1.5156,79.67,-0.2372,0.0716,0.3088,1056.3874,0.169405,34.325,-403.067444,-403.058657,-403.057713,-403.100071
gdb_79414,CC1N2C3CC2(C3)C1=O,2.6667,78.84,-0.2158,-0.0247,0.1911,1020.8127,0.146874,30.401,-401.825223,-401.817504,-401.81656,-401.857263
gdb_79417,CN1C2C3CC2(O3)C1=N,3.92,76.72,-0.2387,0.0,0.2387,1032.1569,0.134612,30.071,-417.836895,-417.829049,-417.828105,-417.869252
gdb_79566,CC12C(O)C1N1CC21C,1.2854,79.07,-0.2135,0.0648,0.2783,1074.5941,0.16916,35.063,-403.05913,-403.050141,-403.049197,-403.092051
gdb_79586,CN1C2C3NC3(C)C12C,0.6524,81.96,-0.2224,0.0775,0.2998,1060.8679,0.181726,35.116,-383.200351,-383.191266,-383.190321,-383.23333
gdb_79708,CC1C2C3OC3C1N2C,1.3745,77.41,-0.2131,0.0731,0.2862,1009.0029,0.17144,31.573,-403.06983,-403.061914,-403.06097,-403.101868
gdb_79723,CN1C2C3CC3C2C1=O,3.7217,75.68,-0.2337,0.0301,0.2638,994.3001,0.148618,29.67,-401.926481,-401.918737,-401.917793,-401.958797
gdb_79735,CC12CC3CN3C1C2O,1.1013,77.84,-0.2187,0.0667,0.2854,1031.587,0.171884,32.587,-403.10086,-403.09278,-403.091835,-403.132825
gdb_79768,CC1C2C3C4C(CN24)N13,0.3894,77.08,-0.194,0.0684,0.2624,867.1378,0.162112,27.431,-381.950197,-381.9436,-381.942656,-381.981094
gdb_79786,CC1C2C3OC4C3C1C24,1.8507,76.58,-0.2357,0.0785,0.3143,927.4071,0.161921,27.337,-385.834168,-385.827759,-385.826815,-385.864653
gdb_79808,OC1C2C3CC=CC2C13,1.2109,80.11,-0.2275,0.0203,0.2478,1054.4631,0.161891,29.299,-385.850806,-385.843828,-385.842884,-385.881707
gdb_79845,OC1C2C3OCC1C23O,2.2107,66.95,-0.2167,0.0636,0.2803,946.3759,0.136253,30.118,-458.915175,-458.907586,-458.906642,-458.946794
gdb_79907,CC1C2C=C(C)C(=O)N12,4.0463,78.58,-0.2424,-0.044,0.1984,1053.18,0.147391,31.607,-401.972446,-401.963994,-401.96305,-402.005431
gdb_79930,CC1C2C=C(C)CC12O,1.4704,84.69,-0.2162,0.0244,0.2406,1189.3272,0.181416,35.878,-387.095869,-387.086636,-387.085692,-387.129102
gdb_79953,CN1C2C=CC(C#N)C12,3.8216,76.77,-0.2413,-0.0177,0.2235,1007.1064,0.136975,29.877,-380.85532,-380.847508,-380.846564,-380.887526
gdb_80041,OC1C2C=CC1N2C=O,3.1874,70.98,-0.2389,-0.0093,0.2295,1041.4644,0.124218,29.141,-437.846912,-437.839326,-437.838382,-437.879046
gdb_80123,CC1N2C=NCC12C=O,3.2911,73.34,-0.2505,-0.0384,0.212,1045.5452,0.135893,30.065,-418.001183,-417.993138,-417.992193,-418.033778
gdb_80151,OC1C2C=CCCC12O,0.8521,76.06,-0.2306,0.0098,0.2405,1015.4249,0.159821,33.057,-423.018953,-423.010697,-423.009753,-423.051044
gdb_80183,CC1C2OC(=O)C(C)C12,4.0472,74.19,-0.2661,0.0107,0.2768,1043.7405,0.159568,32.024,-423.062908,-423.054506,-423.053561,-423.095729
gdb_80340,CC1C2OC(C#N)C12C,4.4349,76.21,-0.2559,-0.0018,0.2541,1084.5083,0.146218,32.882,-401.921019,-401.912122,-401.911178,-401.95437
gdb_80376,CN1C2CC(O)(C#N)C12,3.0379,72.73,-0.2496,0.0063,0.2559,1038.9364,0.134753,32.311,-417.959513,-417.95096,-417.950016,-417.992354
gdb_80395,CN1C2CC(C)(O)C12C,2.1604,82.76,-0.2218,0.0688,0.2907,1107.998,0.191688,38.154,-404.308651,-404.298819,-404.297875,-404.342185
gdb_80425,CC1C2CC(C)(C2)C1O,1.2021,85.0,-0.2561,0.0699,0.3261,1119.6212,0.206434,36.07,-388.291104,-388.282145,-388.281201,-388.323813
gdb_80451,CC1C2OC(C)=NC12C,0.9858,79.83,-0.2312,0.0254,0.2566,1129.2853,0.169801,34.411,-403.168611,-403.159401,-403.158457,-403.202184
gdb_80561,CC1C2CC(C)CC12C,0.128,92.46,-0.2458,0.0777,0.3235,1288.0027,0.229283,38.161,-352.37097,-352.361218,-352.360274,-352.405051
gdb_80607,OC1C2NC(C1O)C2=O,1.7274,64.44,-0.2528,-0.0228,0.23,992.2375,0.125902,28.897,-474.996617,-474.989313,-474.988368,-475.028263
gdb_80636,NC1C2CN(C2)C1C#N,3.7252,74.93,-0.2316,0.0167,0.2483,1009.8635,0.150846,30.069,-398.095034,-398.087394,-398.08645,-398.126992
gdb_80652,CC1C2CC(O2)C=C1C,1.7555,83.38,-0.2272,0.0106,0.2378,1090.9825,0.183543,32.874,-387.087015,-387.078791,-387.077846,-387.119302
gdb_80667,OC1C2CC(C2)OC1=N,2.7469,72.36,-0.2616,0.0122,0.2738,980.6321,0.150035,29.442,-439.08661,-439.079346,-439.078401,-439.118283
gdb_80682,OC1C2OC(C3CC3)C12,1.5954,75.32,-0.2324,0.065,0.2974,1193.9532,0.159361,31.464,-422.958536,-422.950499,-422.949555,-422.991371
gdb_80709,CC1C2CC(C=C2)C1=O,2.7639,78.79,-0.2214,-0.0173,0.2041,967.3606,0.161378,29.996,-385.923003,-385.915607,-385.914662,-385.954524
gdb_80758,CC1C2C(CC=O)CN12,2.183,79.57,-0.233,-0.0258,0.2072,1361.8792,0.169949,33.202,-403.106132,-403.097063,-403.096119,-403.141002
gdb_80767,CC1C2CN(CC=O)C12,3.1467,80.44,-0.2155,-0.0219,0.1936,1388.2885,0.169262,33.412,-403.102683,-403.093571,-403.092627,-403.137385
gdb_80856,CC1C2CC(C)C1(C)O2,1.6521,84.38,-0.2367,0.0794,0.3161,1097.634,0.205746,36.178,-388.286739,-388.277632,-388.276688,-388.31964
gdb_80940,CC12NC(C1O)C2C#N,3.9617,73.55,-0.2687,0.0131,0.2818,1088.0309,0.136239,31.296,-417.957268,-417.949104,-417.94816,-417.989838
gdb_80960,CC12NC(C1O)C2C=O,3.7836,73.31,-0.2414,-0.0389,0.2025,1093.7735,0.146532,32.179,-439.023904,-439.015356,-439.014412,-439.057209
gdb_80993,CC1C2CC1(C)NC2=O,4.0256,79.2,-0.235,0.0253,0.2603,1106.324,0.17159,33.372,-403.171335,-403.162963,-403.162019,-403.203614
gdb_81005,CC1C2CC1(O)CC2C,1.2686,85.07,-0.2492,0.0769,0.3262,1173.3042,0.206227,36.317,-388.290359,-388.281303,-388.280359,-388.323217
gdb_81073,CN1C2CC1(C2)C1CO1,1.4974,79.68,-0.2176,0.0782,0.2959,1128.2523,0.170557,31.968,-403.042755,-403.034485,-403.033541,-403.075882
gdb_81082,OC1C2CC1(O2)C1CO1,1.2876,68.12,-0.2415,0.0532,0.2946,1063.0427,0.134498,30.254,-458.85859,-458.850539,-458.849595,-458.892127
gdb_81096,CC1N2CC1(C=O)C2C,2.0633,80.72,-0.2224,-0.0354,0.187,1172.9993,0.169462,34.087,-403.077445,-403.068217,-403.067273,-403.111672
gdb_81097,CN1C2CC1(C=O)C2O,1.1645,73.86,-0.2157,-0.0429,0.1728,1045.1565,0.145442,32.88,-439.001798,-438.992891,-438.991947,-439.035662
gdb_81105,OC1C2CC1(C=O)C=C2,3.2903,73.79,-0.2422,-0.0306,0.2116,1027.355,0.135405,30.397,-421.793732,-421.785924,-421.78498,-421.826125
gdb_81137,CC1C2CC1(CC2)C#N,4.2656,83.17,-0.2942,0.0289,0.3231,1095.9869,0.173351,31.812,-366.029614,-366.021595,-366.020651,-366.061833
gdb_81166,CC1C2CCC1(O2)C=O,2.6599,75.07,-0.2532,-0.0354,0.2178,1058.1801,0.158795,31.622,-423.018819,-423.010459,-423.009515,-423.052119
gdb_81186,OC1C2CC1(CC=O)C2,2.5389,76.85,-0.2451,-0.0228,0.2224,1289.3151,0.158052,32.457,-422.981874,-422.973179,-422.972234,-423.016175
gdb_81318,CC1C2OC1C(=C2)C#C,1.7307,84.22,-0.2262,-0.0349,0.1913,1192.0667,0.135083,31.081,-384.616176,-384.608318,-384.607374,-384.648284
gdb_81349,CC1C2CC(C2O)C1O,1.4551,77.46,-0.2488,0.0665,0.3153,1098.0604,0.183389,34.427,-424.208676,-424.200075,-424.199131,-424.241164
gdb_81374,CC1C2CC1C(O)CO2,1.5404,77.25,-0.2352,0.0699,0.3051,1089.2164,0.183776,33.221,-424.209453,-424.201094,-424.20015,-424.24189
gdb_81376,CC1C2CCC(O)C1O2,1.8533,76.71,-0.2375,0.0663,0.3038,1041.4722,0.184002,33.209,-424.216096,-424.207572,-424.206627,-424.248964
gdb_81378,CC1C2COC(C)C1O2,1.3441,77.41,-0.2307,0.0766,0.3073,1032.609,0.183617,32.705,-424.213576,-424.205368,-424.204423,-424.245725
gdb_81469,OC1C2CN3CC3C1O2,3.0585,70.32,-0.2169,0.0534,0.2703,899.9612,0.149824,28.969,-439.02498,-439.01785,-439.016905,-439.056134
gdb_81478,OC1C2OC1C1CC2C1,1.6318,73.16,-0.2519,0.0649,0.3168,952.4329,0.162984,28.064,-422.962032,-422.955667,-422.954723,-422.992309
gdb_81528,CC1(C=O)C2OC1C2O,1.117,68.97,-0.2411,-0.0146,0.2266,1003.2263,0.13299,32.062,-458.890107,-458.881616,-458.880672,-458.922926
gdb_81606,CC1C2OC1C2CC#N,3.8273,76.75,-0.254,0.0305,0.2845,1350.8221,0.147109,31.326,-401.891853,-401.8835,-401.882556,-401.925502
gdb_81632,OC1C2CC1C2OC=O,3.1029,71.15,-0.2715,0.0068,0.2783,1364.7226,0.135388,30.212,-458.925224,-458.917056,-458.916112,-458.959092
gdb_81659,OC1C2CCC=CC1O2,1.3056,75.01,-0.245,-0.0044,0.2406,955.4786,0.161816,30.081,-423.014688,-423.007321,-423.006377,-423.04613
gdb_81710,OC1C2CC1OCCC2,0.6946,77.36,-0.2306,0.0766,0.3072,1080.2954,0.184888,32.236,-424.211357,-424.203489,-424.202545,-424.243117
gdb_81794,CC1C2CC2(C)C11CO1,1.9851,82.58,-0.2526,0.0897,0.3423,1114.9508,0.181261,34.681,-387.049816,-387.040905,-387.039961,-387.082857
gdb_81836,CC12CC1C(O)C2C=O,3.4281,75.64,-0.2465,-0.0388,0.2077,1084.9031,0.158129,33.291,-423.009998,-423.001274,-423.00033,-423.043042
gdb_81922,CC1C2CN2C(=O)C1O,3.1046,70.73,-0.2551,-0.0174,0.2376,1014.0375,0.148157,31.345,-439.090314,-439.082154,-439.08121,-439.122966
gdb_82011,NC1(C#N)C2OC2C1O,3.4797,65.01,-0.2531,0.0084,0.2615,997.21,0.111994,30.975,-453.89955,-453.891282,-453.890338,-453.932252
gdb_82014,NC1C2NC2C1(N)C#N,4.1065,73.16,-0.2349,0.021,0.2559,1040.771,0.13762,32.594,-414.139582,-414.131114,-414.13017,-414.172249
gdb_82028,CC1C2CC2C1(C)C=O,2.3243,82.41,-0.2484,-0.0207,0.2277,1122.6722,0.180817,35.257,-387.076433,-387.067169,-387.066224,-387.110114
gdb_82039,OC1C2NC2C1(O)C=O,3.8898,66.44,-0.2455,-0.0406,0.2049,1029.1826,0.123088,31.122,-474.974415,-474.966254,-474.96531,-475.007037
gdb_82195,CC12NC1C1CC1C2O,2.5437,77.12,-0.2307,0.0669,0.2976,1022.5482,0.172498,32.488,-403.119301,-403.111336,-403.110392,-403.151209
gdb_82227,OC1C2CC2C2CC1C2,1.3627,80.71,-0.2507,0.073,0.3238,987.1663,0.185998,30.925,-387.0701,-387.062851,-387.061907,-387.10123
gdb_82287,OC1C2CC2C=CC1=O,3.6689,74.84,-0.2467,-0.0612,0.1855,1013.622,0.137459,29.424,-421.847132,-421.839731,-421.838787,-421.878895
gdb_82294,CC1(C)CN2CC2C1O,1.4122,80.67,-0.2242,0.0679,0.2921,1087.4213,0.194285,35.808,-404.329698,-404.320741,-404.319796,-404.362506
gdb_82316,CC1C2OC2CC11CC1,1.7203,80.97,-0.2517,0.0859,0.3377,1070.5682,0.183442,32.526,-387.075412,-387.067374,-387.06643,-387.107656
gdb_82339,CC1C2CC2OC1C#N,4.1804,74.13,-0.2556,0.0172,0.2728,1023.0877,0.148374,30.945,-401.94827,-401.940206,-401.939262,-401.980772
gdb_82353,OC1C2CN2CC1C#C,1.54,77.27,-0.2322,0.032,0.2641,1097.6019,0.148101,31.827,-401.886826,-401.878746,-401.877802,-401.919276
gdb_82385,OC1C2CC2OC2CC12,0.4466,73.29,-0.2265,0.0664,0.2928,1003.3704,0.160649,31.171,-422.983771,-422.975989,-422.975045,-423.015815
gdb_82402,CC1C2CC2NCC1=O,3.2192,78.52,-0.218,-0.0087,0.2092,1105.3977,0.172067,32.744,-403.15148,-403.143031,-403.142087,-403.1849
gdb_82467,CC1C2CC3(C)C2CC13,0.1099,88.93,-0.2589,0.0954,0.3543,1068.3718,0.207749,33.351,-351.134088,-351.126103,-351.125159,-351.165855
gdb_82475,CC1C2OC3(C)C2OC13,0.2983,73.92,-0.2385,0.0705,0.3091,978.292,0.159291,30.67,-422.984265,-422.976652,-422.975708,-423.01587
gdb_82520,CN1C2CC3(C)OC3C12,1.9691,78.21,-0.2129,0.0663,0.2792,1068.2741,0.170541,32.657,-403.106194,-403.097811,-403.096867,-403.138811
gdb_82637,CC12C3OC1C(O)C23O,2.2513,67.57,-0.2237,0.0549,0.2786,973.2264,0.134238,32.036,-458.882597,-458.87427,-458.873326,-458.915023
gdb_82677,CC1C2OC3C2C13C#C,1.2895,79.42,-0.2275,0.0322,0.2597,1039.2896,0.134507,31.016,-384.5923,-384.584445,-384.583501,-384.624359
gdb_82822,CC1C2OC3CC1(C)C23,1.7422,81.24,-0.2344,0.082,0.3164,1010.3824,0.182846,32.375,-387.052992,-387.044979,-387.044035,-387.084916
gdb_82824,CC1N2CC3CC1(C)C23,1.5091,84.79,-0.1991,0.0844,0.2835,1029.8543,0.195296,33.07,-367.160726,-367.152622,-367.151678,-367.192636
gdb_82848,CN1C2CC3CC1C2O3,1.4496,76.65,-0.2078,0.0812,0.289,928.1398,0.17458,28.597,-403.140034,-403.133284,-403.13234,-403.170741
gdb_82888,CC1C2CC3CC2C13O,1.2903,81.32,-0.2456,0.0753,0.3208,1007.0605,0.184114,32.286,-387.061448,-387.053614,-387.05267,-387.093155
gdb_82898,CC1C2CC3CC2CC13,0.0831,87.31,-0.2714,0.0932,0.3645,1000.7433,0.211762,30.051,-351.155965,-351.149185,-351.148241,-351.186649
gdb_82903,CN1C2CC3OC2CC13,1.3925,77.36,-0.2052,0.0917,0.2968,920.4272,0.174976,28.249,-403.121996,-403.115443,-403.114499,-403.152539
gdb_82933,CC12C(O)C1CN1CC21,2.2693,77.88,-0.2134,0.0671,0.2805,1017.686,0.171879,32.637,-403.103084,-403.094948,-403.094004,-403.135105
gdb_83040,CN1C2CC=CC(=O)C12,4.0108,79.07,-0.2316,-0.0542,0.1774,1013.6689,0.148684,30.406,-401.949356,-401.941446,-401.940501,-401.981677
gdb_83062,NC1C2NC=NC12C#N,5.9179,71.1,-0.2359,-0.0069,0.2291,997.3632,0.114675,29.601,-412.98328,-412.975491,-412.974547,-413.015351
gdb_83116,CC1C2CC=CCC12C,0.1264,90.4,-0.2322,0.0355,0.2677,1133.7309,0.206813,35.53,-351.168624,-351.159647,-351.158702,-351.201579
gdb_83163,CC1C2CNC(=O)NC12,4.0102,75.43,-0.2269,0.0604,0.2873,1062.8203,0.162196,31.896,-419.245783,-419.237384,-419.23644,-419.278875
gdb_83216,OC1C2CCC(C#C)C12,1.2238,80.03,-0.2512,0.0507,0.302,1065.6285,0.160021,32.751,-385.851873,-385.843579,-385.842635,-385.884458
gdb_83321,CC12OCC(C1O)C2=O,3.0553,68.34,-0.2222,-0.0269,0.1953,972.3472,0.134828,31.449,-458.946188,-458.937907,-458.936962,-458.978631
gdb_83335,CC1C2CCC1(C)C2O,1.1963,84.88,-0.2535,0.0776,0.3312,1105.7433,0.206339,36.327,-388.290014,-388.280948,-388.280003,-388.32276
gdb_83336,CC1C2CCC1(O)C2C,1.2037,84.86,-0.245,0.0752,0.3202,1115.3729,0.206416,36.358,-388.290251,-388.281134,-388.28019,-388.323144
gdb_83346,CC12CCC(C=C1)C2O,1.6171,81.59,-0.2451,0.0111,0.2562,999.0293,0.184548,32.928,-387.106361,-387.098473,-387.097529,-387.1379
gdb_83454,OC1C2COC12CC#N,3.3899,68.12,-0.2519,0.0208,0.2727,1146.2768,0.123735,30.402,-437.846464,-437.838241,-437.837297,-437.879781
gdb_83500,OC1C2CNC1C(=O)O2,2.9642,63.37,-0.2431,0.0015,0.2446,931.2874,0.127681,27.263,-475.051227,-475.044449,-475.043504,-475.082243
gdb_83515,CC1C2CCC1C1CC21,0.103,87.26,-0.2569,0.0878,0.3446,1033.9676,0.210086,31.869,-351.162962,-351.155574,-351.15463,-351.194098
gdb_83648,CC1C2OCC2C11CC1,1.6113,81.94,-0.2391,0.0736,0.3126,1083.4274,0.182822,32.572,-387.043315,-387.035052,-387.034108,-387.075963
gdb_83681,OC1C2COC2C1C#C,1.1809,73.2,-0.2462,0.029,0.2752,997.9227,0.135005,31.178,-421.747717,-421.739493,-421.738549,-421.78075
gdb_83724,OC1C2CCC2OC1=O,3.2654,67.21,-0.2695,0.0011,0.2706,1005.7935,0.137354,28.897,-458.994475,-458.986983,-458.986039,-459.026682
gdb_83728,OC1C2NCC2OC1=O,5.8551,63.93,-0.2456,0.0029,0.2485,979.1373,0.126389,27.889,-475.032058,-475.0248,-475.023856,-475.064181
gdb_83755,CC12C3COC(C13)C2O,2.1945,73.87,-0.2482,0.0874,0.3356,975.5191,0.160577,30.723,-423.003641,-422.996001,-422.995057,-423.035289
gdb_83833,CC1C2CCNC(=O)N12,4.4688,75.61,-0.2387,0.0498,0.2885,1036.4525,0.161731,31.395,-419.234725,-419.226562,-419.225618,-419.267336
gdb_83842,CC1C2N1CCNC2=O,3.2703,76.89,-0.2301,0.0189,0.249,1169.779,0.161195,31.599,-419.224618,-419.216333,-419.215389,-419.257576
gdb_83929,CN1C2COCC12C=O,2.5697,73.31,-0.2353,-0.0314,0.2039,1076.9148,0.147329,30.971,-439.064359,-439.056002,-439.055057,-439.097265
gdb_83984,OC1C2OCOC2C1=O,2.509,60.09,-0.2328,-0.0517,0.1811,938.954,0.112413,27.918,-494.88164,-494.874017,-494.873073,-494.914341
gdb_84050,CC1C=C(C#N)C2CN12,3.7611,81.18,-0.2434,-0.0518,0.1915,1186.7295,0.137103,30.025,-380.870023,-380.862172,-380.861228,-380.902361
gdb_84129,CC1=CC(O)C2(CN2)C1,1.8426,81.72,-0.2393,0.0112,0.2505,1226.5764,0.171444,33.755,-403.139833,-403.131117,-403.130173,-403.173244
gdb_84275,CC1C=C2COC2C1C,1.4913,84.24,-0.2343,0.0068,0.2411,1146.3319,0.182975,33.272,-387.06064,-387.052174,-387.05123,-387.093272
gdb_84300,OC1C=CC(=O)C11CO1,4.5565,68.15,-0.2426,-0.0617,0.1809,1001.0004,0.111781,29.311,-457.759022,-457.751129,-457.750185,-457.791662
gdb_84407,CC1C=CN(C=N)C1=O,1.5127,79.25,-0.2262,-0.0211,0.2051,1191.368,0.136804,30.903,-418.062721,-418.054382,-418.053438,-418.095801
gdb_84479,OC1C=CC2(NC12)C=O,1.6067,71.65,-0.2528,-0.0403,0.2125,1120.5425,0.124569,29.497,-437.86818,-437.860481,-437.859536,-437.900445
gdb_84500,CC1C=CC2(CO2)C1O,3.0719,77.92,-0.241,0.0088,0.2499,1133.3813,0.158524,33.08,-423.009024,-423.000478,-422.999534,-423.041994
gdb_84511,CC1C=CC23CC12OC3,1.5106,79.2,-0.2235,0.008,0.2315,993.0712,0.160228,30.403,-385.839229,-385.831752,-385.830808,-385.870676
gdb_84523,CC1C=CC2C(C#C)C12,0.8305,85.85,-0.2225,0.014,0.2365,1045.4942,0.159206,32.849,-348.718788,-348.710515,-348.70957,-348.751163
gdb_84585,CC1C=CC2OC(=N)C12,2.6548,77.3,-0.2568,-0.0044,0.2525,1022.7751,0.149239,29.78,-401.963273,-401.955631,-401.954687,-401.995462
gdb_84586,CC1C=CC2OC(=O)C12,4.1694,72.18,-0.2686,-0.0112,0.2575,1000.6045,0.137238,28.748,-421.867941,-421.860456,-421.859512,-421.900037
gdb_84602,CC1C=CC2OC12C#C,1.8108,79.62,-0.2462,-0.0079,0.2384,1057.984,0.134565,31.781,-384.645037,-384.636876,-384.635931,-384.677426
gdb_84652,CC1C2NC2C=CC1O,3.1802,79.27,-0.2353,0.0037,0.239,1030.5401,0.173394,32.211,-403.13891,-403.130982,-403.130038,-403.170786
gdb_84667,OC1C=CC2CC2C=C1,1.3205,82.57,-0.2288,0.0014,0.2302,1009.2351,0.161414,31.459,-385.873603,-385.865818,-385.864874,-385.905399
gdb_84727,OC1C=CC=CC2NC12,1.7786,80.95,-0.2186,-0.0338,0.1847,1069.0554,0.150404,30.228,-401.923826,-401.916204,-401.915259,-401.956066
gdb_84731,CC1C=CC=CCC1=O,2.2578,84.36,-0.236,-0.0307,0.2052,1148.7811,0.159423,32.342,-385.928577,-385.920184,-385.91924,-385.961673
gdb_84732,CC1C=CC=CNC1=O,2.8113,81.7,-0.2102,-0.0256,0.1846,1047.0153,0.149961,31.184,-402.002515,-401.994453,-401.993509,-402.034923
gdb_84762,CC1(CC=CC1O)C#C,1.9186,82.08,-0.2442,0.0065,0.2506,1112.1405,0.157921,35.211,-385.864911,-385.855894,-385.85495,-385.89821
gdb_84814,CC1C=CCN1CC#N,3.2553,80.95,-0.2253,0.0107,0.2361,1198.6298,0.159545,32.684,-382.082754,-382.073886,-382.072942,-382.116777
gdb_84821,CC1C=CCC1OC=O,3.986,78.26,-0.2521,0.0093,0.2614,1282.5771,0.158692,32.298,-423.064148,-423.055303,-423.054358,-423.098684
gdb_84940,CN1C=NCCOC1=N,1.4375,77.61,-0.2294,0.0004,0.2299,1106.9088,0.149858,30.818,-435.278056,-435.269745,-435.268801,-435.311365
gdb_85045,CC1C(O)CC(=O)N1C,2.8755,75.96,-0.2403,0.0262,0.2665,1157.5307,0.170877,34.882,-440.336503,-440.327163,-440.326219,-440.370337
gdb_85121,CC1NC(=O)C1(C)C=O,3.3933,73.53,-0.2506,-0.0361,0.2145,1108.273,0.145068,34.514,-439.124657,-439.114944,-439.114,-439.159436
gdb_85150,CC1CC(=N)N1C(N)=O,1.557,75.83,-0.2491,-0.0024,0.2467,1175.4276,0.148057,33.543,-435.313423,-435.304362,-435.303418,-435.347425
gdb_85178,CC1OC(=N)C1N1CC1,1.4937,76.6,-0.2364,0.0195,0.2558,1119.6924,0.159264,32.324,-419.174452,-419.165769,-419.164825,-419.208092
gdb_85203,OC1CC(=O)C1CC#N,6.9041,69.88,-0.2569,-0.0354,0.2215,1239.8024,0.122515,31.848,-437.899835,-437.890886,-437.889942,-437.934497
gdb_85299,CC1NC(=O)C2CC1C2,3.9675,79.01,-0.2351,0.0359,0.271,1065.2782,0.173949,31.232,-403.190202,-403.182446,-403.181502,-403.222207
gdb_85334,CC1CC(=O)C=C(C)N1,5.463,84.37,-0.2097,-0.0217,0.188,1207.0324,0.171415,34.472,-403.203836,-403.194769,-403.193825,-403.23742
gdb_85368,CC1CC(=O)C=CC=C1,3.4754,86.94,-0.2382,-0.0697,0.1685,1216.2686,0.160285,31.921,-385.929359,-385.921047,-385.920103,-385.962438
gdb_85381,CC1CC(=O)CC(=O)N1,4.5697,73.37,-0.2432,-0.0247,0.2185,1220.0491,0.147584,32.335,-439.157595,-439.148934,-439.14799,-439.191475
gdb_85418,CC1CC(=O)CC1(C)C,2.9496,84.62,-0.2333,-0.0119,0.2214,1217.3878,0.204498,37.739,-388.338789,-388.32919,-388.328246,-388.372619
gdb_85434,CC1CC(=N)OC11CC1,3.0861,80.52,-0.2437,0.0311,0.2748,1135.4491,0.171329,33.058,-403.164951,-403.156504,-403.15556,-403.197881
gdb_85484,CC1OC(=O)OC1C#N,5.0511,62.04,-0.3118,-0.0186,0.2932,1064.8781,0.100886,28.153,-473.882242,-473.874329,-473.873384,-473.915322
gdb_85485,CN1CC(=O)CC1C#C,2.2682,77.19,-0.2185,-0.0223,0.1962,1152.9487,0.145921,33.355,-401.921914,-401.913005,-401.912061,-401.955851
gdb_85504,CC1NC(=O)OC1C=O,5.9062,65.35,-0.2703,-0.0446,0.2258,1104.5771,0.123828,30.155,-475.077656,-475.069283,-475.068339,-475.111217
gdb_85547,OC1CC(=O)CC2NC12,3.7969,71.31,-0.2397,-0.0141,0.2256,1107.2795,0.149172,30.813,-439.089773,-439.081837,-439.080893,-439.122577
gdb_85570,CC1CC(=O)OCC1=O,2.1464,68.51,-0.2618,-0.0387,0.2231,1173.7037,0.135276,30.978,-459.025647,-459.017186,-459.016242,-459.059246
gdb_85660,CC1CC(C#C)C(C)=C1,0.6283,91.76,-0.2339,0.0242,0.2582,1356.306,0.181125,36.532,-349.947959,-349.938338,-349.937394,-349.982183
gdb_85728,CC1CC(C#N)N1C=O,6.2031,74.99,-0.2647,-0.0005,0.2642,1198.6166,0.135451,31.652,-418.032275,-418.023286,-418.022342,-418.066922
gdb_85729,CC1NC(C#N)C1C=O,5.3418,73.75,-0.2586,-0.0406,0.218,1210.8696,0.135022,32.077,-418.002194,-417.993171,-417.992227,-418.036723
gdb_85783,NC(=O)N1CC(O)C1=N,2.628,68.74,-0.2582,-0.0138,0.2445,1210.8973,0.12448,32.29,-471.231249,-471.222253,-471.221309,-471.265532
gdb_85793,CC1NC(C)(C#C)C1=O,2.5425,79.52,-0.2404,-0.0301,0.2102,1178.4551,0.1442,35.734,-401.912215,-401.902486,-401.901542,-401.946692
gdb_85811,CC1C(O)CC1(C)C#N,4.3284,79.48,-0.2748,0.0346,0.3094,1189.1046,0.169587,36.372,-403.159867,-403.150166,-403.149222,-403.193818
gdb_85863,CC1(O)CC(O)C11CN1,2.7449,75.33,-0.2355,0.067,0.3025,1080.7782,0.169084,36.356,-440.242538,-440.233067,-440.232122,-440.276153
gdb_85870,CC1OC(C)(C)C11CC1,1.5042,85.4,-0.2368,0.0823,0.3191,1176.5237,0.203078,38.351,-388.278699,-388.26874,-388.267796,-388.312882
gdb_85899,CC1(O)CC(O)C2CC12,1.9616,77.52,-0.2468,0.0707,0.3176,1142.5156,0.182032,35.873,-424.225717,-424.216723,-424.215779,-424.258639
gdb_85916,CC1OC(C)(C)C=C1C,1.5006,89.02,-0.2252,0.0251,0.2504,1290.6812,0.202923,39.063,-388.32253,-388.312198,-388.311254,-388.357264
gdb_85956,CC1CC(C)([NH2+]1)C([O-])=O,5.3234,74.75,-0.241,0.0237,0.2647,1242.7192,0.170394,34.715,-440.316779,-440.307501,-440.306557,-440.351097
gdb_86053,CC1=C(C)C(=O)C(O)C1,3.5542,80.61,-0.2403,-0.0435,0.1968,1240.5025,0.157705,34.634,-423.079617,-423.070043,-423.069098,-423.114317
gdb_86094,CC1CC(C)=CC1C#N,4.276,85.38,-0.2526,0.0045,0.2571,1277.9877,0.171067,34.328,-366.056212,-366.047011,-366.046067,-366.090132
gdb_86152,CN1CC(O)C(O)C1=O,2.6967,68.93,-0.252,0.0182,0.2702,1098.1167,0.148375,32.505,-476.265228,-476.256496,-476.255552,-476.298521
gdb_86197,CC1CC(C)C(O)C1O,2.3531,80.51,-0.2491,0.0458,0.2949,1244.1382,0.205753,37.902,-425.444282,-425.434459,-425.433514,-425.478877
gdb_86214,CC1OC(C)C(O)C=C1,1.8398,80.81,-0.2414,0.0086,0.25,1204.194,0.181998,35.558,-424.240727,-424.231497,-424.230553,-424.274263
gdb_86226,CC1CC(O)C(C1)C#C,1.9258,84.88,-0.2506,0.0584,0.309,1377.8869,0.181493,36.729,-387.07325,-387.063533,-387.062588,-387.108338
gdb_86311,CN1CC(O)C11COC1,2.5336,75.07,-0.2229,0.0663,0.2892,1133.9469,0.170088,33.533,-440.227348,-440.218354,-440.21741,-440.261149
gdb_86320,CC1CC([NH3+])C1C([O-])=O,6.1701,74.9,-0.2429,0.0293,0.2722,1159.2695,0.171718,33.998,-440.314791,-440.305799,-440.304855,-440.34874
gdb_86405,CC1CC2(CC2)C(C)O1,1.2838,86.03,-0.2402,0.0893,0.3295,1266.9938,0.205444,36.13,-388.297505,-388.288158,-388.287214,-388.332089
gdb_86468,CC1CC(C1)(C#C)C#C,1.0336,88.35,-0.2526,0.0333,0.2859,1294.3889,0.156247,36.556,-348.677644,-348.668082,-348.667138,-348.711692
gdb_86481,C1C(CC1(C#N)C#N)O,3.912,70.37,-0.2988,-0.015,0.2838,1186.983,0.112157,31.102,-416.811647,-416.803126,-416.802181,-416.845094
gdb_86523,OC1CC(C1)C(=O)C#N,3.6131,70.86,-0.2772,-0.0863,0.1909,1336.424,0.122905,31.567,-437.888675,-437.87977,-437.878826,-437.923416
gdb_86541,CC1(CC1)C1CC(O)C1,1.3029,86.15,-0.2515,0.0754,0.3269,1460.9211,0.205037,37.136,-388.268188,-388.258594,-388.25765,-388.302785
gdb_86607,OC1CC(N2CC2)C1=O,3.8006,73.74,-0.2285,-0.0344,0.1941,1146.1441,0.146755,31.772,-439.041609,-439.033098,-439.032153,-439.075199
gdb_86690,CC1NC(C=O)C1C#N,5.317,73.59,-0.2532,-0.0444,0.2088,1211.8951,0.135007,32.077,-418.005627,-417.996585,-417.99564,-418.040229
gdb_86748,CC1OC(C=C1)C1CO1,1.418,78.28,-0.2374,0.01,0.2473,1370.8996,0.158441,31.802,-423.007168,-422.998591,-422.997647,-423.041117
gdb_86823,NC(=O)CC1CC(O)C1,2.9231,76.02,-0.2433,0.0343,0.2776,1629.7719,0.169562,36.177,-440.309517,-440.299273,-440.298329,-440.34737
gdb_86827,[NH3+]C1CC(CC([O-])=O)C1,6.7695,75.26,-0.2352,0.0424,0.2777,1251.7553,0.171808,33.25,-440.307297,-440.29848,-440.297536,-440.341845
gdb_86854,OC1CC(CC1=O)C#C,1.2798,74.78,-0.2431,-0.0341,0.209,1264.1558,0.134688,32.669,-421.819113,-421.810404,-421.809459,-421.852941
gdb_86866,CC1CN(CC1=O)C=O,3.8679,74.31,-0.25,-0.035,0.2151,1309.4988,0.147331,31.761,-439.143235,-439.13442,-439.133475,-439.177438
gdb_86926,CN1CC(OC=O)C1=O,5.5492,69.04,-0.2622,-0.0021,0.2601,1353.9009,0.122763,30.848,-475.056534,-475.047311,-475.046367,-475.091858
gdb_86974,CC1CC(OC=N1)C=O,3.461,73.04,-0.2514,-0.0366,0.2148,1117.5733,0.147379,31.13,-439.108793,-439.100339,-439.099394,-439.142246
gdb_86982,CC1CC(CCC#C)C1,0.9741,93.09,-0.2555,0.0597,0.3152,1976.0436,0.204234,37.95,-351.122252,-351.112085,-351.11114,-351.157973
gdb_87078,CC1NC1(C)C#CC#C,0.9644,98.91,-0.2296,-0.0192,0.2104,1702.9962,0.144662,36.647,-364.743113,-364.733083,-364.732139,-364.778076
gdb_87131,CC1(CN1)C1(C)CC1O,2.6465,81.5,-0.2193,0.0728,0.2921,1135.6001,0.193269,37.42,-404.310754,-404.301211,-404.300267,-404.344475
gdb_87268,CC(=O)C1(CC1O)C=O,1.8922,72.08,-0.2561,-0.0359,0.2202,1123.3014,0.132734,33.454,-458.981807,-458.97272,-458.971776,-459.01567
gdb_87287,CC1OC1(C=O)C1CO1,4.1314,69.48,-0.2598,-0.0457,0.2141,1182.8285,0.132519,32.198,-458.921974,-458.912935,-458.911991,-458.956176
gdb_87291,OC1CC1(C=O)C1CC1,3.1323,76.37,-0.2365,-0.0331,0.2034,1222.9405,0.157789,33.582,-423.006783,-422.99795,-422.997006,-423.040845
gdb_87430,OC1CC11C2CC3C2N13,2.3792,75.03,-0.2307,0.0564,0.2871,1005.7548,0.147518,30.047,-401.847645,-401.839964,-401.83902,-401.87992
gdb_87449,CC12CN(C1)C21CC1O,1.6943,80.13,-0.2289,0.0668,0.2957,1071.2138,0.170105,33.663,-403.046826,-403.038286,-403.037342,-403.079473
gdb_87501,CN1CC11C2CC1C2O,1.3934,79.86,-0.2313,0.0735,0.3048,1116.5418,0.170728,32.955,-403.055211,-403.046946,-403.046001,-403.087554
gdb_87517,OC1CC11C2OC1C=C2,2.9351,72.24,-0.2287,-0.0013,0.2274,1013.7707,0.13555,29.695,-421.739427,-421.732071,-421.731127,-421.770972
gdb_87573,CC1NC11C2OC2C1C,1.7843,78.89,-0.2391,0.0753,0.3144,1136.5385,0.169665,33.688,-403.085181,-403.076363,-403.075419,-403.118439
gdb_87702,OC1CC11CC(O)C1=O,2.7116,70.82,-0.2312,-0.0301,0.2011,1194.9796,0.133343,33.261,-458.940408,-458.931185,-458.930241,-458.974959
gdb_87743,CC1OC11CC(C1)C#C,1.7653,83.47,-0.2551,0.0478,0.3029,1455.1078,0.156826,34.455,-385.83343,-385.824337,-385.823392,-385.867334
gdb_87904,CC1N=COC11CC1O,2.8307,72.27,-0.2351,0.024,0.2591,1075.0974,0.147102,32.122,-439.078708,-439.070233,-439.069289,-439.111995
gdb_87936,OC1CC11CC(=O)CO1,3.2238,69.01,-0.2403,-0.0219,0.2184,1152.2969,0.134378,31.375,-458.959743,-458.951502,-458.950558,-458.992757
gdb_87965,CC1CC11COC(C)C1,1.3927,86.5,-0.2424,0.0925,0.3349,1410.2759,0.205596,35.979,-388.294198,-388.28474,-388.283796,-388.328939
gdb_87991,CC1NC11CCC1(C)O,2.672,82.7,-0.2306,0.0655,0.2961,1211.9115,0.192531,37.652,-404.322538,-404.312713,-404.311769,-404.356584
gdb_88022,OC1CC11OCC11CO1,2.2278,68.84,-0.2414,0.049,0.2903,1101.2609,0.133819,31.266,-458.88668,-458.878419,-458.877474,-458.919629
gdb_88033,CC1NC11CNC1C#N,3.2803,76.97,-0.2552,0.0059,0.2611,1183.6154,0.148056,32.281,-398.090516,-398.081778,-398.080834,-398.124143
gdb_88065,CN1CC11COC1C=O,3.9048,73.1,-0.2388,-0.0327,0.2061,1172.3518,0.145085,32.197,-439.030184,-439.02117,-439.020226,-439.064635
gdb_88091,OC1CC11CCC2NC12,1.9655,78.61,-0.2268,0.0768,0.3036,1141.3465,0.172702,32.088,-403.115049,-403.107064,-403.10612,-403.147338
gdb_88227,CC1CC1C#CC1CN1,2.1823,91.97,-0.2276,0.0353,0.2629,1747.5432,0.170815,34.553,-365.947965,-365.938458,-365.937513,-365.983802
gdb_88243,CC1NC1C#CCC#C,1.4241,87.59,-0.2397,0.0318,0.2714,1761.1462,0.145206,35.409,-364.721844,-364.711864,-364.710919,-364.759105
gdb_88378,CC1OC1C(C)(C)C#C,1.8327,84.21,-0.2584,0.052,0.3104,1211.9441,0.178388,39.062,-387.041601,-387.031115,-387.030171,-387.076671
gdb_88380,CC1OC1C(C)(N)C#N,4.6094,75.62,-0.2636,0.0276,0.2912,1165.9293,0.157176,36.562,-419.192463,-419.182422,-419.181478,-419.2274
gdb_88491,CC1NC1C1(CO1)C#N,3.7659,73.42,-0.2685,0.0022,0.2707,1148.6153,0.135097,31.997,-417.966512,-417.957769,-417.956825,-418.000299
gdb_88494,CC1OC1C1(CN1)C#C,1.6403,77.94,-0.2477,0.0326,0.2802,1141.9355,0.145749,33.912,-401.865828,-401.856782,-401.855838,-401.899553
gdb_88499,CN1CC1C1(CC1)C#N,3.096,80.47,-0.2328,0.0272,0.26,1140.7337,0.158897,33.501,-382.036284,-382.0273,-382.026355,-382.070109
gdb_88576,CC1OC1C1=CCOC1,2.5897,79.34,-0.2271,0.0047,0.2319,1302.6437,0.15844,31.839,-423.007245,-422.998413,-422.997468,-423.041821
gdb_88716,CN1CC1C1NC1C#C,2.3644,82.38,-0.215,0.03,0.245,1177.3169,0.157953,34.354,-381.963041,-381.953869,-381.952925,-381.99715
gdb_88828,CC1COC1C1CC1O,2.5964,78.97,-0.2478,0.0701,0.318,1312.3843,0.182164,34.497,-424.188588,-424.179401,-424.178457,-424.223166
gdb_88833,CC1OC1C1CCC1O,2.4324,79.44,-0.2495,0.0703,0.3197,1379.4264,0.181275,35.181,-424.192419,-424.182951,-424.182007,-424.227198
gdb_88992,CC1CC1CC1CCO1,1.5241,86.91,-0.2387,0.0866,0.3253,1693.1841,0.205579,35.482,-388.262668,-388.252999,-388.252055,-388.298353
gdb_89192,CC1CC2(C)C1OC2=N,2.6431,80.19,-0.2567,0.0311,0.2878,1125.0793,0.170647,33.551,-403.147146,-403.13837,-403.137426,-403.180322
gdb_89197,CC1CC2(O)C1CC2=O,4.1311,75.79,-0.2357,-0.0193,0.2164,1133.6634,0.157407,33.754,-423.017766,-423.008895,-423.007951,-423.051424
gdb_89213,OC1CC2(O)C1NC2=N,2.787,70.02,-0.2445,0.0138,0.2583,1053.973,0.135818,32.221,-455.112497,-455.104196,-455.103252,-455.145123
gdb_89239,CC1OC2(C)C3OC2C13,1.3707,74.65,-0.234,0.074,0.308,1029.5468,0.158578,31.131,-422.972148,-422.964398,-422.963454,-423.00392
gdb_89243,OC1CC2(O)C3CC2C13,1.7242,74.75,-0.25,0.0738,0.3237,1021.6661,0.160336,31.125,-422.985035,-422.977448,-422.976504,-423.016644
gdb_89285,CC1CC2(C)NC(=O)C12,3.7905,79.27,-0.2385,0.0285,0.2671,1123.9143,0.170619,33.954,-403.170154,-403.161365,-403.160421,-403.203264
gdb_89296,CC12CC(O)C1C(O)C2,3.2105,77.8,-0.2409,0.0555,0.2964,1122.4498,0.182173,35.219,-424.200978,-424.192073,-424.191128,-424.234122
gdb_89314,CC1CC2(O)CC1(O)C2,1.0537,77.6,-0.2465,0.0738,0.3203,1117.2603,0.182406,35.456,-424.222592,-424.2139,-424.212956,-424.254928
gdb_89360,CC1CC2(C)OC1C2=O,2.5403,75.03,-0.2424,-0.0107,0.2317,1070.4572,0.158261,32.732,-423.031243,-423.02265,-423.021706,-423.064168
gdb_89472,OC1CC2(O)CCC12O,2.4026,70.66,-0.2373,0.0618,0.2991,1050.6543,0.156764,35.623,-460.126389,-460.117015,-460.116071,-460.16005
gdb_89483,CC1CC2(C)COC1O2,1.7608,76.69,-0.249,0.0813,0.3303,1063.4133,0.183894,32.59,-424.251051,-424.242908,-424.241964,-424.283207
gdb_89493,CC12CC(O)C=C1CO2,1.5246,76.99,-0.2459,-0.0089,0.237,1069.737,0.159037,32.589,-422.992568,-422.984276,-422.983332,-423.025008
gdb_89499,CC1CC2(O)CNC2=N1,2.2138,77.32,-0.2273,0.0123,0.2396,1115.5359,0.160175,32.52,-419.184769,-419.176528,-419.175584,-419.217146
gdb_89698,CN1CC2(CC1C2)C#N,4.019,80.72,-0.2232,0.0251,0.2484,1147.5419,0.161235,30.973,-382.058716,-382.050862,-382.049918,-382.09083
gdb_89743,CC1CC2(CN2)C11CN1,2.673,83.33,-0.2251,0.0733,0.2984,1161.0179,0.18313,33.989,-383.207168,-383.198452,-383.197508,-383.240362
gdb_89748,CC1OC2(CC2)C11CC1,1.5548,82.92,-0.2199,0.0822,0.3022,1147.7877,0.180961,34.6,-387.04682,-387.037969,-387.037025,-387.080198
gdb_89806,OC1CC2(CC2)C2CC12,1.3228,82.13,-0.2444,0.0752,0.3196,1163.4403,0.183871,33.117,-387.073426,-387.065286,-387.064342,-387.105768
gdb_89814,OC1CC2(CO2)C2OC12,2.3926,67.23,-0.2617,0.0692,0.3309,1075.4202,0.13601,29.646,-458.92449,-458.916921,-458.915977,-458.956587
gdb_89819,CC1CC2(CN2)C=C1C,1.8386,90.48,-0.2171,0.0262,0.2433,1328.5532,0.194409,35.474,-367.212211,-367.20305,-367.202105,-367.245893
gdb_89833,CN1CC2(CO2)CC1=O,3.7628,73.56,-0.2422,0.0299,0.2721,1193.569,0.147611,31.231,-439.111105,-439.102628,-439.101683,-439.144563
gdb_89859,CC1CC2(C1)OC2C#C,1.9138,82.34,-0.2562,0.0189,0.2751,1277.7889,0.156808,34.271,-385.829086,-385.820091,-385.819147,-385.862935
gdb_89889,CC1CC2(C1)OC1CC21,1.5,82.05,-0.2289,0.0735,0.3024,1198.059,0.182104,32.915,-387.04252,-387.034264,-387.033319,-387.075266
gdb_89990,CC1OC2(CCC2)C1O,0.5066,78.32,-0.2434,0.0571,0.3005,1191.8469,0.181563,34.806,-424.205074,-424.195935,-424.194991,-424.239202
gdb_90128,OC1CC23CCC(O2)C13,2.4827,74.56,-0.2492,0.0735,0.3227,982.8022,0.161391,29.29,-422.971533,-422.964644,-422.9637,-423.002359
gdb_90150,CC1CC23CC12OCC3,1.2379,81.21,-0.2108,0.0798,0.2907,1086.5167,0.1838,32.179,-387.053889,-387.045943,-387.044999,-387.085845
gdb_90155,CC1CC23COCC12O3,2.6796,74.19,-0.2459,0.0697,0.3157,1021.8111,0.159792,30.44,-422.979093,-422.971402,-422.970458,-423.010961
gdb_90165,OC1CC23CC12OCO3,1.4235,66.81,-0.2162,0.0683,0.2845,975.7885,0.135701,29.664,-458.892031,-458.884447,-458.883503,-458.923905
gdb_90244,CN1CC23CC1C2CO3,1.6572,79.52,-0.2088,0.0528,0.2616,1036.9615,0.172241,30.519,-403.013784,-403.006462,-403.005517,-403.045021
gdb_90285,CC1NC2=CC(=O)NC12,4.6337,76.14,-0.2254,-0.0144,0.211,1081.3515,0.138154,29.617,-418.018599,-418.011059,-418.010114,-418.050506
gdb_90332,OC1CC2=CCN3C1C23,2.6283,76.69,-0.2202,-0.0077,0.2124,876.432,0.149806,28.562,-401.87923,-401.872369,-401.871425,-401.910041
gdb_90336,CC1CC2=CCCC12O,1.1549,84.42,-0.2317,0.0132,0.2449,1076.3501,0.182744,34.239,-387.077913,-387.069316,-387.068372,-387.11055
gdb_90471,CC1CC2C(C1)C2C=O,3.5442,83.73,-0.2394,-0.0167,0.2227,1304.9875,0.183216,33.209,-387.106489,-387.097752,-387.096808,-387.140107
gdb_90561,CC1CC2C1N2CC=O,3.0855,80.15,-0.2453,-0.0221,0.2232,1468.8073,0.16921,33.282,-403.107303,-403.09825,-403.097305,-403.142097
gdb_90630,CC1CC2C1C2(C)C#N,4.4534,84.58,-0.2766,0.0361,0.3127,1279.5088,0.170793,34.149,-366.007424,-365.998499,-365.997555,-366.040617
gdb_90748,CC1OC2C1NCC2=O,3.8691,71.3,-0.2288,-0.0334,0.1953,1052.5818,0.148253,30.447,-439.079345,-439.071316,-439.070372,-439.112104
gdb_90819,CC1OC2C3C4C1C2N34,1.3791,72.37,-0.2471,0.0729,0.32,894.862,0.150179,27.004,-401.893782,-401.887259,-401.886315,-401.92449
gdb_90953,OC1CN2C3CC1CC23,1.5089,76.29,-0.22,0.0664,0.2864,959.2737,0.174777,29.643,-403.144366,-403.137249,-403.136305,-403.175595
gdb_90964,CC1OC2C3OC2(C)C13,1.5561,74.5,-0.2306,0.0773,0.3079,1011.4314,0.158505,31.257,-422.972651,-422.964761,-422.963817,-423.004653
gdb_91065,CC1CC2C3CC3C2C1,0.3057,87.86,-0.2397,0.0784,0.3181,1194.7968,0.208593,32.713,-351.142317,-351.134493,-351.133549,-351.174278
gdb_91173,CC1CC2C=CC3C1C23,0.3511,84.66,-0.2149,0.0191,0.234,960.3538,0.185999,30.36,-349.960552,-349.953368,-349.952424,-349.991654
gdb_91222,NC12C(O)CC1NC2=O,3.7234,68.78,-0.2215,0.0251,0.2466,985.5318,0.13607,32.481,-455.135448,-455.12677,-455.125826,-455.16868
gdb_91235,CC1CC2NC(=O)C2C1,3.8455,78.97,-0.2423,0.036,0.2783,1237.6686,0.172812,31.959,-403.192633,-403.18437,-403.183426,-403.225717
gdb_91250,CC1CC2CC(=O)C=C12,4.2615,84.24,-0.2316,-0.0365,0.1951,1238.9943,0.159901,31.184,-385.909346,-385.901318,-385.900374,-385.941982
gdb_91257,CN1CC2OC(=N)C=C12,4.3005,80.17,-0.2181,-0.0169,0.2012,1150.1546,0.137171,29.394,-417.981728,-417.974047,-417.973102,-418.013914
gdb_91302,CC1OC2CC(C#C)C12,1.4523,80.69,-0.2385,0.0415,0.2801,1107.4346,0.158329,32.805,-385.82293,-385.814453,-385.813509,-385.856037
gdb_91323,CC1OC2CC(C)(C)C12,1.6665,85.15,-0.2339,0.0735,0.3074,1186.229,0.20461,36.53,-388.265874,-388.256498,-388.255554,-388.299836
gdb_91355,CC1OC2CN(C)C12C,2.1926,82.59,-0.2064,0.0723,0.2787,1119.3085,0.192544,35.928,-404.309042,-404.299622,-404.298677,-404.342584
gdb_91442,OC1CC2OC(C=O)C12,2.9567,67.84,-0.2511,-0.0396,0.2115,976.1892,0.135091,29.862,-458.924332,-458.916344,-458.9154,-458.957553
gdb_91507,CC(=O)C12CC1CC2O,3.7057,76.91,-0.2361,-0.0106,0.2255,1149.2263,0.15766,33.914,-423.020076,-423.010992,-423.010048,-423.054088
gdb_91586,CC1OC2CC12OC=N,2.8004,74.3,-0.2419,0.014,0.2559,1262.2468,0.145742,32.343,-439.033226,-439.024439,-439.023495,-439.0672
gdb_91606,CC1OC2CC1C(=O)O2,3.8132,66.61,-0.2675,0.0061,0.2737,927.762,0.137887,28.018,-459.016216,-459.009141,-459.008197,-459.047634
gdb_91668,OC1CC2OC1C21CO1,2.0497,66.99,-0.2463,0.0632,0.3095,944.1372,0.136648,28.938,-458.906051,-458.89887,-458.897926,-458.937402
gdb_91679,OC1CC2CC1C2C#C,1.9964,81.66,-0.2477,0.0551,0.3028,1142.9541,0.160065,32.23,-385.843039,-385.83505,-385.834106,-385.875173
gdb_91768,OC1CC2CC1CCC2,1.3287,83.3,-0.2572,0.0712,0.3284,1039.4745,0.210331,32.648,-388.322821,-388.315077,-388.314133,-388.354428
gdb_91809,CC1CC2OC2(C)C1O,2.3817,77.48,-0.2494,0.0744,0.3238,1141.6638,0.182092,34.965,-424.231018,-424.222021,-424.221077,-424.264478
gdb_91909,CC1CC(O)CC2CC12,1.4548,84.72,-0.2561,0.0729,0.329,1263.0385,0.207481,35.479,-388.297758,-388.288913,-388.287969,-388.33075
gdb_91942,CC1CN2CC2C1(C)O,2.7876,80.32,-0.2263,0.0681,0.2944,1080.7553,0.194175,36.081,-404.330879,-404.321859,-404.320914,-404.36369
gdb_91969,OC1CN2CC2C11CN1,2.6687,74.91,-0.2236,0.0597,0.2833,1006.2742,0.161086,31.107,-419.150847,-419.143096,-419.142152,-419.182736
gdb_92088,CC1OC2CC2OC1C,0.7889,78.12,-0.2255,0.083,0.3085,1105.0381,0.182059,34.151,-424.206842,-424.198085,-424.197141,-424.239918
gdb_92127,OC1CC2OC3(CC3)C12,0.9866,74.81,-0.2303,0.0657,0.2959,1051.5418,0.159014,31.579,-422.970578,-422.962648,-422.961703,-423.003027
gdb_92133,CC1CC2OC3C(O2)C13,1.5093,72.52,-0.2238,0.0812,0.305,947.5086,0.161978,28.582,-423.023244,-423.016261,-423.015317,-423.054701
gdb_92212,OC1CN2CC3OC1C23,1.8325,70.03,-0.2134,0.0505,0.2639,900.9913,0.14985,28.053,-439.028991,-439.021998,-439.021054,-439.060717
gdb_92337,CC1OCC2CC(O)C12,2.2996,77.36,-0.2446,0.0649,0.3095,1045.9446,0.184351,32.458,-424.224123,-424.216073,-424.215129,-424.256344
gdb_92464,CC1OC2CCC1C=C2,1.3667,81.41,-0.2321,0.0158,0.2479,986.7979,0.185643,31.195,-387.109044,-387.101525,-387.10058,-387.140541
gdb_92502,CC1CC2OCC2(C)O1,1.0447,77.47,-0.2458,0.0779,0.3237,1062.0987,0.182509,33.465,-424.22883,-424.220293,-424.219349,-424.261498
gdb_92522,CN1CC2CCN2C1=O,4.2103,76.47,-0.2286,0.0544,0.2831,1078.5594,0.161777,30.169,-419.236653,-419.228475,-419.227531,-419.269763
gdb_92600,CC1OC2CCCC12O,2.2954,77.32,-0.2411,0.0717,0.3128,1061.9866,0.182738,34.033,-424.232415,-424.223746,-424.222802,-424.265179
gdb_92860,OC1CC=C2CCCC12,1.5967,83.99,-0.2327,0.0177,0.2504,1130.0936,0.185301,31.843,-387.115499,-387.107634,-387.10669,-387.147702
gdb_92927,CC1CC=CC(C1)C=O,3.0426,85.47,-0.2364,-0.0264,0.21,1343.3106,0.18262,33.974,-387.123498,-387.114444,-387.1135,-387.157707
gdb_92953,OC1CC=CC1(O)C=O,2.6636,69.07,-0.2446,-0.0371,0.2075,1006.3738,0.134565,32.266,-458.974294,-458.96569,-458.964746,-459.008056
gdb_92968,CC1NC=[NH+]C1C([O-])=O,5.3847,68.42,-0.2377,0.0011,0.2388,1082.656,0.137563,30.419,-455.198685,-455.190515,-455.189571,-455.23192
gdb_93021,CC1CC=CC2CC12O,1.4141,83.13,-0.2228,0.0204,0.2432,1103.6775,0.183197,34.453,-387.095564,-387.087045,-387.086101,-387.127954
gdb_93068,CC1CC=CNC(=O)C1,2.9814,82.94,-0.2164,0.0002,0.2166,1239.0435,0.173094,32.939,-403.203617,-403.195063,-403.194119,-403.236829
gdb_93090,CC1CC=CCC(C)O1,0.7601,88.22,-0.2303,0.022,0.2523,1318.3783,0.205754,36.423,-388.3084,-388.298949,-388.298005,-388.342396
gdb_93155,CC1OC=NCCC1=O,1.42,72.67,-0.2461,-0.0292,0.2169,1072.1272,0.147571,31.542,-439.104356,-439.09575,-439.094806,-439.138186
gdb_93221,CC1CC(O)C(=O)CN1,2.2831,75.69,-0.2258,-0.0292,0.1966,1255.3348,0.171771,33.91,-440.310645,-440.301856,-440.300912,-440.343898
gdb_93270,CC1CCC(=O)C1(C)O,2.5304,77.75,-0.2449,-0.0257,0.2192,1134.4454,0.181136,36.481,-424.270874,-424.261385,-424.260441,-424.304609
gdb_93276,CC1COC(=O)C1(C)O,3.4169,70.5,-0.2669,0.0054,0.2723,1084.0019,0.158317,34.387,-460.216757,-460.207668,-460.206723,-460.250034
gdb_93279,CC1OCC(=O)C1(C)O,1.0809,71.34,-0.2499,-0.0358,0.2141,1081.8309,0.15695,34.99,-460.189316,-460.180054,-460.17911,-460.222792
gdb_93280,CC1(C(=O)CCN1C)C,2.5585,82.09,-0.2141,-0.0155,0.1987,1139.4065,0.192648,37.073,-404.377416,-404.36766,-404.366716,-404.411386
gdb_93307,OC1COC(=N)C11CO1,3.899,66.26,-0.2618,-0.0002,0.2617,998.9534,0.124112,29.955,-475.004693,-474.996659,-474.995715,-475.037549
gdb_93318,CC1COC(=O)C1C#N,5.3344,68.56,-0.2865,-0.0201,0.2664,1085.5766,0.124882,29.962,-437.945195,-437.936903,-437.935959,-437.978465
gdb_93337,CC1CNC(=N)N1C=O,6.4345,75.62,-0.2361,-0.0003,0.2358,1130.1543,0.148988,31.883,-435.307585,-435.298981,-435.298037,-435.340992
gdb_93341,CC1COC(=N)C1C=O,3.0727,72.76,-0.2544,-0.0289,0.2255,1120.4361,0.147438,31.678,-439.117415,-439.108787,-439.107843,-439.150972
gdb_93375,CC1NCC(=O)N2CC12,4.4432,76.22,-0.2288,0.0026,0.2314,1103.5419,0.161059,31.294,-419.205941,-419.197874,-419.19693,-419.238465
gdb_93438,CC1CNC(=O)CC1=O,4.2653,72.8,-0.2445,-0.0265,0.2181,1205.8579,0.147954,32.215,-439.155655,-439.146978,-439.146034,-439.189578
gdb_93441,CC1CNC(=O)OC1=N,4.1418,70.55,-0.2691,-0.0018,0.2673,1075.674,0.137499,30.853,-455.209754,-455.2014,-455.200456,-455.243088
gdb_93458,CC1OCC(=O)NC1=O,1.9189,67.05,-0.2651,-0.034,0.2312,1138.3113,0.124694,29.994,-475.095958,-475.087829,-475.086885,-475.129005
gdb_93480,OC1CNC(=O)CC1=O,1.7928,66.08,-0.2589,-0.0416,0.2173,1147.2555,0.12507,30.222,-475.083307,-475.075219,-475.074275,-475.116417
gdb_93553,OC1CCC(=O)CC=C1,3.0386,77.08,-0.2311,-0.0167,0.2143,1220.9289,0.159649,32.69,-423.049645,-423.041118,-423.040174,-423.082914
gdb_93571,CN1CCC(=C1)C(=O)N,4.2154,84.77,-0.1901,-0.0039,0.1862,1395.0064,0.160253,33.846,-419.253267,-419.244028,-419.243083,-419.287406
gdb_93625,CC1C(O)CNC1C#N,5.6591,74.89,-0.239,0.0344,0.2734,1084.3187,0.15984,34.063,-419.216872,-419.207635,-419.206691,-419.250834
gdb_93767,CC1=CC(=O)N(CC1)C,4.2798,84.61,-0.2283,-0.0237,0.2046,1284.6821,0.171641,33.721,-403.207958,-403.19883,-403.197885,-403.241727
gdb_93823,CC1OCC(O)C=C1C,2.249,81.4,-0.2386,0.0129,0.2515,1223.1403,0.182215,35.521,-424.239634,-424.230375,-424.22943,-424.273314
gdb_93855,CC1CCC(C)C11CC1,0.1843,91.47,-0.2592,0.078,0.3373,1201.174,0.229929,37.455,-352.366851,-352.357423,-352.356479,-352.401189
gdb_94006,CC1COC(C=O)C1O,4.6851,71.44,-0.2354,-0.0118,0.2237,1150.6501,0.158049,33.414,-460.1686,-460.159481,-460.158537,-460.203242
gdb_94014,CC1OCC(C=O)C=C1,3.0557,79.23,-0.2389,-0.0299,0.209,1258.7029,0.158738,32.338,-423.043425,-423.034723,-423.033779,-423.077225
gdb_94028,OC1COC(C=C1)C#C,1.9002,76.75,-0.2534,0.0045,0.2579,1289.22,0.134665,32.565,-421.778961,-421.770322,-421.769378,-421.812331
gdb_94081,CC1CCC(OC1)C=O,2.9165,79.4,-0.2524,-0.026,0.2264,1436.7249,0.182054,34.039,-424.252304,-424.243182,-424.242238,-424.286474
gdb_94185,NC1(CCC1[NH3+])C([O-])=O,5.2692,71.02,-0.2369,0.0232,0.2601,1131.7509,0.160735,34.074,-456.365566,-456.356629,-456.355685,-456.399227
gdb_94224,CC1OCC1(O)CC#C,1.933,77.15,-0.2474,0.0326,0.2801,1270.5018,0.156055,35.947,-422.97633,-422.966615,-422.965671,-423.011071
gdb_94237,CC1CCC1(O)CC=O,2.595,78.93,-0.2518,-0.0343,0.2175,1273.1166,0.180197,36.075,-424.234747,-424.225135,-424.224191,-424.269122
gdb_94253,CN1CCC1(C=O)C#C,2.8837,79.55,-0.225,-0.0297,0.1953,1120.1981,0.144389,34.528,-401.892279,-401.882679,-401.881735,-401.926872
gdb_94272,CC1COC11C2CC1O2,3.5347,75.03,-0.2346,0.0696,0.3043,1061.5086,0.158602,30.675,-422.934006,-422.926116,-422.925172,-422.966565
gdb_94316,CC1CCC11CC1(C)C,0.1382,93.44,-0.2444,0.0814,0.3257,1306.5205,0.227576,39.455,-352.347692,-352.337491,-352.336547,-352.382187
gdb_94318,CC1CCC11OC1(C)C,1.6805,86.02,-0.2495,0.074,0.3235,1262.0631,0.203131,38.215,-388.283249,-388.273115,-388.27217,-388.317989
gdb_94379,OC1CCC11CC2CN12,2.0344,78.02,-0.2318,0.0664,0.2982,1066.5468,0.171642,32.107,-403.088847,-403.080813,-403.079868,-403.12112
gdb_94404,CC1COC11CCC1=O,3.3722,75.94,-0.2268,-0.0309,0.1959,1121.0709,0.15782,32.449,-423.017285,-423.008468,-423.007524,-423.051602
gdb_94460,CC1CCC11COCO1,1.0562,78.06,-0.2448,0.0839,0.3287,1137.0545,0.182977,32.749,-424.221623,-424.21295,-424.212006,-424.255365
gdb_94496,OC1CCC1C#CC#C,1.3589,91.56,-0.2439,-0.0197,0.2242,1514.736,0.134342,33.799,-384.625184,-384.616129,-384.615184,-384.659381
gdb_94531,CC1OCC1C(=O)C=O,1.05,69.13,-0.2538,-0.1035,0.1503,1150.078,0.133428,31.737,-458.95986,-458.950709,-458.949765,-458.995134
gdb_94539,CC(C)(O)C1OCC1O,3.591,74.39,-0.2359,0.0456,0.2816,1141.846,0.180253,37.499,-461.343827,-461.333989,-461.333045,-461.377761
gdb_94620,OC1CCC1CC1CO1,2.2191,79.08,-0.2566,0.0715,0.3281,1498.8422,0.181845,34.352,-424.186668,-424.177378,-424.176433,-424.221542
gdb_94697,CC1COC2(C)CN1C2,0.2608,81.84,-0.2078,0.0821,0.2899,1138.1502,0.195083,34.083,-404.3211,-404.312681,-404.311737,-404.353344
gdb_94728,CC1CCC2(C)COC12,1.7145,84.66,-0.2414,0.0781,0.3196,1161.8922,0.206721,34.827,-388.302995,-388.294171,-388.293227,-388.335913
gdb_94780,OC1CCC2(OC12)C=O,1.2254,69.11,-0.2628,-0.0414,0.2214,1175.4612,0.135322,30.693,-458.964621,-458.956456,-458.955511,-458.997533
gdb_94791,CN1CCC2(C1=O)CC2,3.5023,81.36,-0.2333,0.0344,0.2677,1157.1652,0.172332,32.597,-403.191768,-403.183054,-403.18211,-403.225195
gdb_94846,CC1CCC2(CCC2)C1,0.1271,92.34,-0.2777,0.083,0.3606,1395.6563,0.230785,35.871,-352.370409,-352.361365,-352.360421,-352.404778
gdb_94955,CC1COC2C1OC2=O,4.1622,67.12,-0.2576,-0.0056,0.252,1060.124,0.136986,28.752,-458.9936,-458.986001,-458.985057,-459.025859
gdb_95139,CC1OCC2OC1C2=O,1.6521,68.05,-0.2564,-0.025,0.2314,973.6571,0.135844,29.391,-458.954881,-458.947242,-458.946298,-458.986914
gdb_95192,CN1CCN2CC2C1=O,3.2531,76.59,-0.23,0.019,0.249,1093.9534,0.161278,30.992,-419.214236,-419.205995,-419.20505,-419.247227
gdb_95208,CC1CCC2OC2C1C,1.7253,84.33,-0.2563,0.0788,0.3351,1174.8001,0.207302,34.879,-388.29964,-388.290907,-388.289963,-388.332462
gdb_95262,CC1OCC2OC3C2C13,2.4209,74.23,-0.2275,0.0774,0.3048,978.0468,0.160635,29.433,-422.984467,-422.977187,-422.976243,-423.01597
gdb_95275,OC1CCC2CC=CC12,1.3996,82.18,-0.2314,0.0333,0.2647,1085.1122,0.185398,31.662,-387.116442,-387.108508,-387.107563,-387.149223
gdb_95318,OC1CCC2CCC1O2,2.3553,75.76,-0.2424,0.0701,0.3125,1001.1439,0.186738,30.801,-424.253864,-424.246489,-424.245545,-424.285264
gdb_95320,OC1CCC2COC1O2,2.4669,68.87,-0.245,0.0724,0.3174,951.4726,0.16259,29.32,-460.178659,-460.171474,-460.17053,-460.209962
gdb_95376,CC1OCC2CCOC12,1.6834,76.53,-0.2413,0.0706,0.3119,1062.7352,0.185104,31.209,-424.242533,-424.234517,-424.233573,-424.275346
gdb_95452,CC1OCC=C1C1CO1,2.2624,79.05,-0.2297,0.0034,0.2331,1205.0748,0.158815,31.733,-423.006599,-422.998042,-422.997098,-423.0403
gdb_95552,OC1CCC=CC2NC12,1.4086,79.6,-0.2236,0.0109,0.2345,1094.3336,0.173484,32.307,-403.122246,-403.11412,-403.113176,-403.154665
gdb_95576,CC1CC=CCCC1O,1.3837,86.28,-0.238,0.0199,0.2579,1210.2407,0.207032,36.326,-388.305232,-388.295995,-388.295051,-388.338618
gdb_95577,CC1CC=CCOC1C,1.1397,87.0,-0.241,0.0181,0.2591,1202.8997,0.206107,36.106,-388.299638,-388.290245,-388.289301,-388.333737
gdb_95638,CC1CNCC(=O)N1C,3.6826,79.49,-0.2139,0.0315,0.2454,1195.7877,0.184543,34.354,-420.44226,-420.433151,-420.432207,-420.476079
gdb_95729,OC1CNCC(=N)OC1,2.8657,73.48,-0.2289,0.0212,0.25,1222.683,0.16139,32.648,-456.338219,-456.329728,-456.328784,-456.371349
gdb_95771,CC1=CCC(O)COC1,2.283,80.91,-0.2366,0.0138,0.2504,1218.5312,0.183142,34.501,-424.229318,-424.220305,-424.21936,-424.263408
gdb_95775,CC1CCOC(C)=NC1,1.7948,84.75,-0.2341,0.0198,0.2539,1350.2712,0.194464,35.429,-404.373181,-404.363779,-404.362835,-404.407292
gdb_95796,CC1C(O)COCC1O,2.4254,73.6,-0.2467,0.0657,0.3123,1078.1394,0.18344,34.817,-461.368329,-461.359407,-461.358463,-461.4013
gdb_95823,CC1CCC(C)OCO1,1.8434,82.41,-0.2499,0.0819,0.3318,1360.4851,0.206304,35.899,-425.440207,-425.430866,-425.429922,-425.474106
gdb_95844,CC1CCCC(N1)C#N,4.4536,82.1,-0.2365,0.0297,0.2662,1219.1892,0.184921,33.916,-383.300567,-383.291817,-383.290873,-383.333764
gdb_95861,CN1CCCC(C1)C#N,4.2312,84.16,-0.2276,0.0404,0.268,1356.9396,0.184821,33.426,-383.297146,-383.288414,-383.287469,-383.33037
gdb_95880,CC1CN(CCO1)C=O,3.0461,77.95,-0.2357,0.0279,0.2636,1313.9955,0.17213,32.599,-440.322746,-440.314079,-440.313135,-440.356254
gdb_95935,OC1COCC1(O)C#C,1.6076,70.1,-0.247,0.0154,0.2624,1077.1379,0.134341,33.565,-458.918259,-458.909329,-458.908385,-458.952148
gdb_95978,CC1CC[NH2+]C1C([O-])=O,5.2246,74.16,-0.2394,0.0224,0.2618,1155.1475,0.173001,32.578,-440.334906,-440.326312,-440.325368,-440.368705
gdb_95985,CC1OCCC1C(C)=O,1.7527,78.1,-0.2454,-0.0164,0.2289,1227.0286,0.181549,35.005,-424.258115,-424.248391,-424.247447,-424.293471
gdb_96039,CC1CCCC1CC=O,2.8311,85.66,-0.2467,-0.0177,0.229,1405.7886,0.205656,35.809,-388.322156,-388.312312,-388.311368,-388.358148
gdb_96042,CC1CCOC1CC=O,4.0481,79.33,-0.2393,-0.0155,0.2238,1406.4682,0.181722,34.29,-424.245882,-424.23634,-424.235396,-424.28145
gdb_96059,OC1CCOC1OC=N,1.034,68.28,-0.2486,0.0063,0.2549,1017.4864,0.149102,30.686,-476.22527,-476.217176,-476.216232,-476.258046
gdb_96077,CC1COCC2(C)CN12,1.1757,82.11,-0.2165,0.0795,0.296,1168.2046,0.194691,34.72,-404.328108,-404.319278,-404.318334,-404.361032
gdb_96090,CC1CC2(CC2)OCO1,1.72,78.85,-0.2492,0.0885,0.3377,1208.3536,0.183127,33.262,-424.224186,-424.21582,-424.214876,-424.256762
gdb_96110,CC12CN1CCCC2O,2.202,81.89,-0.2166,0.0685,0.2851,1125.2993,0.19509,35.115,-404.334256,-404.325382,-404.324438,-404.367189
gdb_96265,CC1CC(=O)COCO1,2.369,72.27,-0.2402,-0.0223,0.2179,1193.0295,0.158939,32.356,-460.180002,-460.171336,-460.170392,-460.213634
gdb_96404,CC1OCOCC1C#C,1.8563,76.89,-0.2512,0.0501,0.3013,1106.5849,0.158966,33.086,-422.996522,-422.987899,-422.986955,-423.029492
gdb_96415,OC1CCCOC1C#C,1.9103,76.05,-0.2474,0.0268,0.2742,1101.2218,0.159446,33.57,-422.996591,-422.98799,-422.987046,-423.029424
gdb_96416,OC1CCCOC1C#N,3.9291,71.29,-0.2698,0.0162,0.2861,1077.0693,0.148874,31.739,-439.100442,-439.09207,-439.091125,-439.13326
gdb_96483,CC1CC=CCOCO1,2.1213,80.54,-0.2463,0.0033,0.2496,1200.0436,0.183578,33.58,-424.221905,-424.213278,-424.212334,-424.254805
gdb_96551,CC1CCOCOC1C,1.871,81.59,-0.2515,0.0795,0.331,1239.5879,0.20694,35.535,-425.433293,-425.424185,-425.423241,-425.466835
gdb_96555,CC1COCOCC1O,2.7839,74.18,-0.2481,0.0536,0.3017,1147.2338,0.183223,34.465,-461.355718,-461.346651,-461.345707,-461.389328
gdb_96647,CN=C(N)C1(CO1)C#C,1.8494,77.7,-0.2356,0.0071,0.2427,1233.0563,0.133082,35.269,-417.947793,-417.938218,-417.937274,-417.982155
gdb_96678,C[NH+]=C(N)NCC([O-])=O,8.1724,73.49,-0.2322,0.028,0.2603,1724.4324,0.147019,35.412,-472.448527,-472.438405,-472.437461,-472.484796
gdb_96686,CC(=NC)OCCC#N,4.9756,80.23,-0.2574,0.0201,0.2775,1889.4062,0.156591,36.009,-419.231522,-419.220719,-419.219775,-419.269385
gdb_96742,CN=C(NC=O)NC=O,5.1376,73.48,-0.241,-0.0397,0.2013,1329.5032,0.123162,32.332,-471.253114,-471.243595,-471.242651,-471.288582
gdb_96868,CN=C1NC(C)CC1=O,3.4672,81.91,-0.2172,-0.0561,0.1611,1260.0425,0.158861,34.012,-419.241415,-419.232066,-419.231122,-419.276178
gdb_96872,CN=C1OC(C)CC1C,2.6643,85.04,-0.2377,0.0344,0.2721,1292.3086,0.193554,36.318,-404.382334,-404.372256,-404.371312,-404.418213
gdb_96880,CN=C1CC(O1)C(C)C,2.3197,85.64,-0.2444,0.034,0.2783,1467.2936,0.192371,37.101,-404.357984,-404.347644,-404.346699,-404.394063
gdb_96884,CN=C1CC(O1)C1CO1,2.8976,75.16,-0.2501,0.0315,0.2817,1286.1441,0.146611,31.381,-439.054516,-439.04568,-439.044736,-439.089096
gdb_97020,CN=C1CC=CC(C)O1,2.5723,84.88,-0.2382,0.0134,0.2516,1286.675,0.170178,34.062,-403.16935,-403.159938,-403.158994,-403.204767
gdb_97031,CN=C1C(=O)CC=CN1,4.8571,81.58,-0.2145,-0.0557,0.1588,1185.4684,0.135871,31.595,-418.035404,-418.026715,-418.025771,-418.070136
gdb_97055,CC1(OCC(=NC)O1)C,1.8378,78.35,-0.2488,0.0294,0.2782,1264.2334,0.168568,35.463,-440.313596,-440.303785,-440.302841,-440.3487
gdb_97075,CN=C1COC(=NC)N1,0.4349,81.43,-0.2318,0.0068,0.2386,1436.2322,0.147212,33.017,-435.293781,-435.284151,-435.283207,-435.329476
gdb_97215,CN=C1OCOC1C#C,1.4006,73.28,-0.2563,0.0096,0.2659,1172.6878,0.122864,31.274,-437.848763,-437.839865,-437.838921,-437.883146
gdb_97248,CN=C1OCCOC1C,2.1642,79.14,-0.2405,0.0188,0.2593,1243.0497,0.170585,33.784,-440.292126,-440.282837,-440.281892,-440.326667
gdb_97283,CN=CN(C=O)C1CC1,3.7621,83.46,-0.2344,-0.0206,0.2139,1433.5206,0.158074,33.963,-419.210518,-419.200952,-419.200008,-419.245723
gdb_97400,CN=COC1CC(=O)C1,2.8469,78.58,-0.2483,-0.0306,0.2177,1830.4334,0.144458,33.201,-439.084177,-439.074741,-439.073797,-439.120015
gdb_97443,CN=COCC1(C)CN1,1.9484,82.18,-0.2321,0.0193,0.2515,1460.5613,0.18116,36.368,-420.381171,-420.371052,-420.370108,-420.417288
gdb_97469,CN=COCCOC=O,4.4603,72.9,-0.2672,0.0062,0.2734,1794.9609,0.145322,33.689,-476.23657,-476.226499,-476.225555,-476.273698
gdb_97485,OCC#CC#CC1CN1,1.0385,98.14,-0.2324,-0.0279,0.2045,2458.3195,0.123526,32.852,-400.661129,-400.651548,-400.650604,-400.697655
gdb_97503,CCC#CC(=O)C(C)C,3.5575,90.65,-0.2489,-0.0434,0.2055,1872.8555,0.179078,38.816,-387.096291,-387.085015,-387.08407,-387.134777
gdb_97608,CC(OC=O)C#CCO,2.8769,75.55,-0.2729,-0.0036,0.2693,1806.3255,0.132359,35.051,-458.945707,-458.935136,-458.934192,-458.98422
gdb_97626,CCC#CC(OC)C#C,0.8739,88.37,-0.2526,0.0154,0.2681,1903.0668,0.155045,37.77,-385.810395,-385.799405,-385.798461,-385.848642
gdb_97653,CC1(CC1O)C#CCO,1.2054,83.6,-0.2351,0.0323,0.2674,1805.1061,0.155909,37.542,-422.970087,-422.959436,-422.958491,-423.006943
gdb_97689,C1CC1(CO)C#CCO,2.3066,82.38,-0.2479,0.0254,0.2732,1642.731,0.157352,36.315,-422.971555,-422.961292,-422.960348,-423.008347
gdb_97730,CCC#CC1=NCCO1,0.987,87.46,-0.2351,-0.0178,0.2173,1871.1816,0.147627,32.073,-401.943626,-401.93426,-401.933316,-401.980016
gdb_97854,OCC#CC1CCC=C1,1.2968,87.64,-0.2366,0.0207,0.2573,1884.4991,0.159,33.483,-385.862703,-385.853251,-385.852306,-385.899185
gdb_97898,CCC#CCC(C)C#C,0.8626,95.68,-0.2451,0.0433,0.2884,2176.7585,0.179147,39.437,-349.907599,-349.896366,-349.895422,-349.946925
gdb_98024,COC(=O)C#CC(C)O,1.9397,77.59,-0.2719,-0.0365,0.2353,1932.2452,0.132664,35.459,-458.957689,-458.947148,-458.946204,-458.995101
gdb_98047,COC(=O)C#CCC=O,2.5165,75.26,-0.2653,-0.047,0.2183,2074.4281,0.108776,32.468,-457.766857,-457.756773,-457.755829,-457.80488
gdb_98048,C(C=O)C#CC(=O)CO,2.6026,75.86,-0.2729,-0.0726,0.2003,2106.1272,0.108224,32.906,-457.750353,-457.740358,-457.739413,-457.788081
gdb_98050,CCC(=O)C(=O)C#CC,1.5974,81.27,-0.2429,-0.0907,0.1522,1718.7259,0.131278,35.429,-421.836218,-421.825373,-421.824429,-421.875289
gdb_98052,CC#CC(=O)C(=O)NC,0.5113,79.47,-0.2426,-0.0793,0.1633,1660.7992,0.121421,34.277,-437.907595,-437.89705,-437.896106,-437.946151
